lead_score_tier_xgb,industry,continent,company_size,original_traffic_source,revenue_tier,profitability_tier,total_deals,total_sales,avg_value,conversion_rate,avg_velocity,avg_touches,avg_touches_closed,avg_value_per_touch,weighted_avg_value_per_touch,roi_index,high_conversion
High,Manufacturing,North America,Employees.10to19,Offline Sources,High,High,11,1435200,130472.72727272726,0.6363636363636364,23.72727272727273,0.27272727272727276,0.4285714285714286,28000,28000,65333.33333333332,TRUE
High,Manufacturing,North America,Employees.250to499,Offline Sources,High,High,18,4868375,270465.2777777777,0.8333333333333334,32.83333333333334,6.4444444444444455,7.6,406017.7074166836,4466194.78158352,52502.289752157354,TRUE
High,Business Services,North America,Employees.10to19,Offline Sources,Low,High,77,25192884.52,327180.3184415584,0.7922077922077922,2.857142857142857,1.5194805194805197,1.5737704918032778,34416.41158543417,344164.11585434177,17943.599202662263,TRUE
High,Manufacturing,North America,Employees.20to49,Offline Sources,Medium,High,7,1422000,203142.85714285713,0.7142857142857143,41.42857142857142,1.7142857142857144,0,8500,8500,3541.6666666666665,TRUE
High,Manufacturing,North America,Employees.100to249,Offline Sources,High,High,15,12224400,814960,0.7333333333333333,6.866666666666666,4.333333333333333,5.90909090909091,17610.98901098901,52832.96703296703,2980.321217244294,TRUE
High,Manufacturing,North America,Employees.20to49,Offline Sources,High,High,23,10079300,438230.4347826087,0.6521739130434782,11.826086956521742,6.56521739130435,10.06666666666667,4244.612548201399,21223.06274100699,421.65025313258906,TRUE
High,Business Services,North America,Employees.50to99,Offline Sources,High,High,11,310804,28254.909090909092,0.8181818181818181,18.636363636363633,9,9.666666666666668,4513.915555555555,27083.493333333332,410.3559595959595,TRUE
High,Manufacturing,Europe,Employees.100to249,Offline Sources,High,High,7,291200,41600,0.5714285714285714,17.714285714285715,20.714285714285715,27,2018.4547827505573,8073.819131002229,55.68151124829123,TRUE
