primary_industry,continent,lead_score_tier_xgb,total_deals,total_sales,avg_conversion,avg_velocity,avg_deal
Manufacturing,North America,High,100,"2,571,573",0.7399999999999999,26.530000000000015,"25,716"
Business Services,North America,High,95,"2,225,580",0.7789473684210526,11.873684210526312,"23,427"
Retail,North America,High,48,"976,579",0.6666666666666667,12.520833333333334,"20,345"
Business Services,North America,Low,179,"784,787",0.05027932960893844,48.1843575418994,"4,384"
Hospitals & Physicians Clinics,North America,High,12,"461,119",0.75,0,"38,427"
Government,Africa,High,4,"328,050",0.5,0,"82,012"
Manufacturing,Asia,Low,49,"210,312",0,75.6734693877551,"4,292"
Construction,North America,High,5,"204,500",1,5.4,"40,900"
Business Services,Insular Oceania,High,4,"166,614",0.75,0,"41,654"
Consumer Services,North America,High,2,"130,769",1,0,"65,384"
Manufacturing,Europe,Low,61,"129,795",0.01639344262295081,159.91803278688522,"2,128"
Software,North America,High,6,"117,185",0.8333333333333334,59.5,"19,531"
Business Services,Asia,High,4,"110,306",1,5,"27,576"
Manufacturing,Oceania,High,4,"100,211",0.75,98.5,"25,053"
Hospitality,North America,High,3,"91,683",0.6666666666666666,230.33333333333331,"30,561"
Manufacturing,North America,Low,90,"78,130",0.055555555555555566,127.35555555555553,868
Manufacturing,Europe,High,12,"75,366",0.75,26.5,"6,281"
Manufacturing,Insular Oceania,High,1,"66,849",1,0,"66,849"
Manufacturing,Oceania,Low,31,"61,276",0,151.12903225806454,"1,977"
Manufacturing,Asia,High,1,"58,566",1,0,"58,566"
Organizations,North America,High,4,"43,267",0.75,5.25,"10,817"
Transportation,North America,High,3,"35,059",1,36.666666666666664,"11,686"
Finance,Asia,Low,2,"26,748",0,130.5,"13,374"
Insurance,North America,High,3,"25,831",0.6666666666666666,23.333333333333336,"8,610"
Education,North America,High,1,"25,560",0,230,"25,560"
Retail,Oceania,High,3,"25,317",0.33333333333333337,135.66666666666666,"8,439"
Construction,Oceania,High,3,"19,652",0.33333333333333337,204.33333333333334,"6,551"
Software,Asia,Low,24,"17,146",0,47.166666666666664,714
Software,Oceania,High,2,"13,222",1,17,"6,611"
Minerals & Mining,Oceania,High,1,"10,763",1,0,"10,763"
Software,Oceania,Low,18,"9,889",0,54.777777777777786,549
"Energy, Utilities & Waste",Europe,High,1,"8,003",1,180,"8,003"
Hospitality,North America,Low,3,"5,573",0,55,"1,858"
Software,South America,High,1,"5,528",1,68,"5,528"
Software,Europe,High,1,"4,956",1,30,"4,956"
Software,Europe,Low,8,"3,908",0,141,489
Manufacturing,South America,Low,6,"3,709",0,81,618
Manufacturing,Africa,Low,9,"2,820",0,112,313
Minerals & Mining,Asia,Low,3,"2,602",0,46.66666666666667,867
Consumer Services,North America,Low,2,"2,160",0,136,"1,080"
Software,Africa,Low,2,"2,097",0,6.5,"1,048"
Business Services,Oceania,Low,7,"1,924",0,137.14285714285714,275
Software,Insular Oceania,Low,4,"1,621",0,156.25,405
Construction,Europe,Low,4,"1,579",0,131.75,395
Software,North America,Low,7,"1,571",0,285.42857142857144,224
Transportation,North America,Low,8,"1,537",0,184.5,192
Business Services,Asia,Low,4,"1,454",0,23.25,364
Education,Africa,Low,2,"1,360",0,12,680
Retail,Asia,Low,2,"1,271",0,0,635
Consumer Services,Africa,Low,1,"1,144",0,0,"1,144"
Business Services,Oceania,High,1,"1,118",1,0,"1,118"
Insurance,North America,Low,1,"1,080",0,0,"1,080"
Construction,North America,Low,4,"1,050",0,203,263
Software,South America,Low,2,942,0,40.5,471
"Energy, Utilities & Waste",Europe,Low,3,818,0,171.66666666666666,273
Retail,North America,Low,6,792,0.33333333333333337,0,132
Telecommunications,Europe,Low,2,627,0,90,313
Consumer Services,South America,Low,1,626,0,173,626
Manufacturing,Insular Oceania,Low,9,579,0,163.44444444444446,64
"Energy, Utilities & Waste",Africa,Low,2,488,0,134.5,244
Consumer Services,Asia,Low,1,457,0,0,457
Consumer Services,Europe,Low,1,457,0,78,457
"Energy, Utilities & Waste",North America,Low,3,328,0,122.66666666666667,109
Construction,Asia,Low,2,291,0,176.5,146
Retail,Africa,Low,2,269,0,197,135
Retail,South America,Low,1,254,0,0,254
Business Services,Africa,Low,3,207,0,259,69
Organizations,Europe,Low,1,159,0,50,159
"Energy, Utilities & Waste",Oceania,Low,2,150,0,332.5,75
Business Services,Europe,Low,2,143,0,269.5,71
Agriculture,Europe,Low,2,141,0,245,71
Holding Companies & Conglomerates,North America,Low,1,116,0,78,116
Hospitality,Africa,Low,1,98,0,45,98
Government,North America,Low,1,94,0,93,94
Business Services,Insular Oceania,Low,4,90,0,185.75,23
Telecommunications,Insular Oceania,Low,1,84,0,170,84
Transportation,Asia,Low,1,75,0,101,75
Transportation,Oceania,Low,1,47,0,182,47
Organizations,Insular Oceania,Low,1,38,0,0,38
Retail,Oceania,Low,1,36,0,130,36
Finance,North America,Low,3,0,0,210.33333333333331,0
Manufacturing,South America,High,3,0,0.33333333333333337,0,0
Minerals & Mining,Oceania,Low,1,0,0,178,0
Organizations,North America,Low,1,0,0,0,0
Retail,Europe,Low,1,0,0,168,0
