contact_id,email,closed_won_count,number_of_pageviews,number_of_sessions,number_of_form_submissions,marketing_emails_opened,marketing_emails_clicked,marketing_emails_replied,currently_in_sequence,recent_sales_email_replied,lifecycle_stage,role,engagement_score_raw,predicted_prob,lead_score_tier
98887745620,gordon.white@gib.co.nz,no,0,1,1,0,0,0,FALSE,TRUE,Opportunities Shared,Manager,2.6,0,Low
95269809733,jdepratti@inlandmetal.com,no,0,0,0,0,0,0,FALSE,FALSE,Opportunities Shared,unknown,0,0,Low
91646727199,reilly@signmanager.com.au,no,0,1,1,0,0,0,FALSE,TRUE,Opportunities Shared,Manager,2.6,0,Low
78235744017,richard.ogawa@towatools.com,yes,2,1,1,0,0,0,FALSE,TRUE,Customer,CEO,3,0.5851520923520925,Medium
76658309032,louis@strategicmetalsinvest.com,no,0,1,2,0,0,0,FALSE,TRUE,Opportunities Shared,unknown,3,0,Low
73924764435,nick.potter@dbqscrewproducts.com,no,1,2,2,0,0,0,FALSE,FALSE,Opportunities Shared,Manager,1.4000000000000001,0,Low
73513750934,kathy@qualitysystemsnow.com.au,no,3,3,2,0,0,0,FALSE,TRUE,Opportunities Shared,unknown,4,0,Low
65876614669,md@packserv.com.au,no,0,0,0,0,0,0,FALSE,TRUE,Opportunities Shared,unknown,2,0,Low
56664601489,peter.morrow@trmnet.com,yes,0,1,1,0,0,0,FALSE,TRUE,Customer,VP,2.6,0.5063813852813851,Medium
55547078544,matt.hall@buddeez.com,no,0,1,2,0,0,0,FALSE,TRUE,Opportunities Shared,CEO,3,0,Low
54475696719,ken@labelpakprinting.com,no,0,1,1,0,0,0,FALSE,TRUE,Opportunities Shared,unknown,2.6,0,Low
49630449687,jstimpson@cryos.com,no,1,1,2,0,0,0,FALSE,TRUE,Opportunities Shared,CEO,3.2,0,Low
47808308287,jeffh@arranti.com,yes,1,2,2,0,0,0,FALSE,TRUE,Customer,CEO,3.4000000000000004,0.9917965367965368,High
43383892147,rrowntree@pdmsdesign.com,no,0,1,2,0,0,0,FALSE,FALSE,Opportunities Shared,unknown,1,0,Low
41218322555,j.hansen@alfons-koester.de,no,0,2,2,0,0,0,FALSE,FALSE,Opportunities Shared,unknown,1.2000000000000002,0,Low
39318672491,ed.tullar@kuebler.com,no,1,1,1,0,0,0,FALSE,FALSE,Opportunities Shared,CEO,0.8,0,Low
38487811410,sean.manning@ziltek.com,no,0,2,2,0,0,0,FALSE,FALSE,Opportunities Shared,unknown,1.2000000000000002,0,Low
37965437065,mzimmer@profol.com,yes,0,1,1,0,0,0,FALSE,TRUE,Customer,CEO,2.6,1,High
31526709866,ronena@sasa-software.com,no,3,4,2,0,0,0,FALSE,FALSE,Opportunities Shared,Director,2.2,0,Low
30226210727,patrick.blampied@tepari.com,no,2,3,3,0,0,0,FALSE,TRUE,Opportunities Shared,CEO,4.2,0,Low
28581264288,anthony.lima@revogroupau.com,no,0,1,1,0,0,0,FALSE,FALSE,Opportunities Shared,unknown,0.6000000000000001,0,Low
26732973313,davidd@emjacindustries.com,no,0,1,1,0,0,0,FALSE,FALSE,Opportunities Shared,CEO,0.6000000000000001,0,Low
22513457748,bstribling@striblinginc.com,no,0,1,1,0,0,0,FALSE,TRUE,Opportunities Shared,CEO,2.6,0,Low
16775080222,kent.murphy@ctherm.com,no,0,1,1,0,0,0,FALSE,TRUE,Opportunities Shared,CRO,2.6,0,Low
16066628966,tyron@peakoutfitters.co.za,no,0,1,1,0,0,0,FALSE,TRUE,Opportunities Shared,CEO,2.6,0,Low
14737924935,cristhian.scaroni@omb-saleri.it,no,0,1,1,0,0,0,FALSE,TRUE,Opportunities Shared,Manager,2.6,0,Low
12551222320,rodrigo.zereu@novusautomation.com,no,0,1,2,0,0,0,FALSE,TRUE,Opportunities Shared,Director,3,0,Low
569251,dan@ibco.co.za,no,1,1,1,0,0,0,FALSE,FALSE,Opportunities Shared,Managing Director,0.8,0,Low
NA,NA,no,0,0,0,0,0,0,FALSE,FALSE,unknown,unknown,0,0.5961376151879493,Medium
NA,NA,yes,0,0,0,0,0,0,FALSE,FALSE,unknown,unknown,0,0.5961376151879493,Medium
NA,NA,yes,0,0,0,0,0,0,FALSE,FALSE,unknown,unknown,0,0.5961376151879493,Medium
NA,NA,yes,0,0,0,0,0,0,FALSE,FALSE,unknown,unknown,0,0.5961376151879493,Medium
NA,NA,yes,0,0,0,0,0,0,FALSE,FALSE,unknown,unknown,0,0.5961376151879493,Medium
NA,NA,yes,0,0,0,0,0,0,FALSE,FALSE,unknown,unknown,0,0.5961376151879493,Medium
NA,NA,yes,0,0,0,0,0,0,FALSE,FALSE,unknown,unknown,0,0.5961376151879493,Medium
NA,NA,no,0,0,0,0,0,0,FALSE,FALSE,unknown,unknown,0,0.5961376151879493,Medium
NA,NA,no,0,0,0,0,0,0,FALSE,FALSE,unknown,unknown,0,0.5961376151879493,Medium
NA,NA,no,0,0,0,0,0,0,FALSE,FALSE,unknown,unknown,0,0.5961376151879493,Medium
NA,NA,no,0,0,0,0,0,0,FALSE,FALSE,unknown,unknown,0,0.5961376151879493,Medium
NA,NA,no,0,0,0,0,0,0,FALSE,FALSE,unknown,unknown,0,0.5961376151879493,Medium
NA,NA,no,0,0,0,0,0,0,FALSE,FALSE,unknown,unknown,0,0.5961376151879493,Medium
NA,NA,no,0,0,0,0,0,0,FALSE,FALSE,unknown,unknown,0,0.5961376151879493,Medium
NA,NA,no,0,0,0,0,0,0,FALSE,FALSE,unknown,unknown,0,0.5961376151879493,Medium
NA,NA,no,0,0,0,0,0,0,FALSE,FALSE,unknown,unknown,0,0.5961376151879493,Medium
NA,NA,no,0,0,0,0,0,0,FALSE,FALSE,unknown,unknown,0,0.5961376151879493,Medium
NA,NA,no,0,0,0,0,0,0,FALSE,FALSE,unknown,unknown,0,0.5961376151879493,Medium
NA,NA,no,0,0,0,0,0,0,FALSE,FALSE,unknown,unknown,0,0.5961376151879493,Medium
NA,NA,yes,0,0,0,0,0,0,FALSE,FALSE,unknown,unknown,0,0.5961376151879493,Medium
NA,NA,yes,0,0,0,0,0,0,FALSE,FALSE,unknown,unknown,0,0.5961376151879493,Medium
NA,NA,yes,0,0,0,0,0,0,FALSE,FALSE,unknown,unknown,0,0.5961376151879493,Medium
NA,NA,no,0,0,0,0,0,0,FALSE,FALSE,unknown,unknown,0,0.5961376151879493,Medium
NA,NA,yes,0,0,0,0,0,0,FALSE,FALSE,unknown,unknown,0,0.5961376151879493,Medium
NA,NA,yes,0,0,0,0,0,0,FALSE,FALSE,unknown,unknown,0,0.5961376151879493,Medium
NA,NA,yes,0,0,0,0,0,0,FALSE,FALSE,unknown,unknown,0,0.5961376151879493,Medium
NA,NA,no,0,0,0,0,0,0,FALSE,FALSE,unknown,unknown,0,0.5961376151879493,Medium
NA,NA,no,0,0,0,0,0,0,FALSE,FALSE,unknown,unknown,0,0.5961376151879493,Medium
NA,NA,no,0,0,0,0,0,0,FALSE,FALSE,unknown,unknown,0,0.5961376151879493,Medium
NA,NA,yes,0,0,0,0,0,0,FALSE,FALSE,unknown,unknown,0,0.5961376151879493,Medium
NA,NA,no,0,0,0,0,0,0,FALSE,FALSE,unknown,unknown,0,0.5961376151879493,Medium
NA,NA,no,0,0,0,0,0,0,FALSE,FALSE,unknown,unknown,0,0.5961376151879493,Medium
NA,NA,no,0,0,0,0,0,0,FALSE,FALSE,unknown,unknown,0,0.5961376151879493,Medium
NA,NA,yes,0,0,0,0,0,0,FALSE,FALSE,unknown,CEO,0,0.5689976026498695,Medium
NA,NA,yes,0,0,0,0,0,0,FALSE,FALSE,unknown,CEO,0,0.5689976026498695,Medium
NA,NA,yes,0,0,0,0,0,0,FALSE,FALSE,unknown,CEO,0,0.5689976026498695,Medium
NA,NA,yes,0,0,0,0,0,0,FALSE,FALSE,unknown,CEO,0,0.5689976026498695,Medium
NA,NA,yes,0,0,0,0,0,0,FALSE,FALSE,unknown,CEO,0,0.5689976026498695,Medium
NA,NA,yes,0,0,0,0,0,0,FALSE,FALSE,unknown,CEO,0,0.5689976026498695,Medium
NA,NA,no,0,0,0,0,0,0,FALSE,FALSE,unknown,CEO,0,0.5689976026498695,Medium
NA,NA,no,0,0,0,0,0,0,FALSE,FALSE,unknown,CEO,0,0.5689976026498695,Medium
NA,NA,no,0,0,0,0,0,0,FALSE,FALSE,unknown,CEO,0,0.5689976026498695,Medium
NA,NA,no,0,0,0,0,0,0,FALSE,FALSE,unknown,CEO,0,0.5689976026498695,Medium
NA,NA,no,0,0,0,0,0,0,FALSE,FALSE,unknown,CEO,0,0.5689976026498695,Medium
NA,NA,yes,0,0,0,0,0,0,FALSE,FALSE,unknown,CEO,0,0.5689976026498695,Medium
NA,NA,no,0,0,0,0,0,0,FALSE,FALSE,unknown,CEO,0,0.5689976026498695,Medium
NA,NA,no,0,0,0,0,0,0,FALSE,FALSE,unknown,CEO,0,0.5689976026498695,Medium
NA,NA,no,0,0,0,0,0,0,FALSE,FALSE,unknown,CEO,0,0.5689976026498695,Medium
NA,NA,no,0,0,0,0,0,0,FALSE,FALSE,unknown,CEO,0,0.5689976026498695,Medium
NA,NA,no,0,0,0,0,0,0,FALSE,FALSE,unknown,CEO,0,0.5689976026498695,Medium
NA,NA,no,0,0,0,0,0,0,FALSE,FALSE,unknown,CEO,0,0.5689976026498695,Medium
535551,rcockrell@elfsfreight.com,no,0,1,1,0,0,0,FALSE,TRUE,Opportunities Shared,CFO,2.6,0,Low
512051,laurence@hersol.co.za,no,0,2,2,0,0,0,FALSE,TRUE,Opportunities Shared,unknown,3.2,0,Low
495501,daniel.butera@amsfulfillment.com,yes,0,0,0,0,0,0,FALSE,TRUE,Customer,CEO,2,0.8941430944520077,High
468751,jonathan@endureproductive.com,no,0,0,0,0,0,0,FALSE,FALSE,Opportunities Shared,unknown,0,0,Low
459701,sagi@telefire.com,no,0,0,0,0,0,0,FALSE,TRUE,Opportunities Shared,Manager,2,0,Low
416851,tom@haematex.com,no,0,0,0,0,0,0,FALSE,FALSE,Opportunities Shared,CEO,0,0,Low
400401,skauffman@turtlewaxpro.com,no,0,0,0,0,0,0,FALSE,FALSE,Opportunities Shared,Director,0,0,Low
365051,danam@tadbik.com,no,0,0,0,0,0,0,TRUE,FALSE,Opportunities Shared,unknown,1,0,Low
354351,nick@tollman.net.au,no,0,0,0,0,0,0,FALSE,TRUE,Opportunities Shared,Manager,2,0,Low
321751,rakesh.ratan@croplifescience.com,no,0,0,0,0,0,0,FALSE,FALSE,Opportunities Shared,Manager,0,0,Low
284451,grm@lsg.com,no,0,0,0,0,0,0,FALSE,FALSE,Opportunities Shared,Managing Director,0,0,Low
283901,jp@kejriwalcastings.com,no,0,0,0,0,0,0,FALSE,FALSE,Opportunities Shared,unknown,0,0,Low
270751,brett.giroud@orexplore.com,no,0,0,0,0,0,0,TRUE,FALSE,Opportunities Shared,CEO,1,0,Low
259153,jimd@demtech.com.au,no,0,0,0,0,0,0,FALSE,TRUE,Opportunities Shared,CEO,2,0,Low
188051,p.walker@milford.one,no,0,0,0,0,0,0,TRUE,TRUE,Opportunities Shared,CEO,3,0,Low
54201,pratyush@nagreeka.com,no,0,0,0,0,0,0,TRUE,FALSE,Opportunities Shared,CEO,1,0,Low
53951,nktoris@sentek.com.au,no,0,0,0,0,0,0,TRUE,FALSE,Opportunities Shared,CEO,1,0,Low
53851,marc@sealglobal.co,no,2,4,3,0,0,0,FALSE,TRUE,Customer,unknown,4.4,0.9997999999999999,High
20601,caspar@zappar.com,no,0,0,0,0,0,0,TRUE,FALSE,Opportunities Shared,Managing Director,1,0,Low
15151,mbradley@architecturalcanopies.com,no,0,0,0,0,0,0,FALSE,TRUE,Opportunities Shared,unknown,2,0,Low
14751,eli@existco.com.au,no,0,0,0,0,0,0,TRUE,FALSE,Opportunities Shared,CEO,1,0,Low
14551,christoph@dataphyll.com,no,0,1,1,0,0,0,TRUE,FALSE,Opportunities Shared,CEO,1.6,0,Low
14501,elmer.tagarino@afdigital.com,no,0,0,0,0,0,0,FALSE,FALSE,Opportunities Shared,Other,0,0,Low
14401,eu@cleanairworld.it,no,0,0,0,0,0,0,TRUE,FALSE,Opportunities Shared,VP,1,0,Low
14101,gilberto@swingmastercorp.com,no,0,0,0,0,0,0,FALSE,FALSE,Opportunities Shared,Director,0,0,Low
13752,keithu@jkindllc.com,no,0,0,0,0,0,0,FALSE,FALSE,Opportunities Shared,Manager,0,0,Low
13501,ebrill@cpiproducts.com,yes,2,2,1,0,0,0,FALSE,TRUE,Customer,CEO,3.2,0.3648769841269841,Low
11268,mpatrick@patrickaccounting.com,no,0,0,0,0,0,0,FALSE,FALSE,Opportunities Shared,Manager,0,0,Low
12865,harry@topnotchequipment.com,no,0,0,0,0,0,0,FALSE,FALSE,Opportunities Shared,unknown,0,0,Low
12121,blaineeast@gmail.com,no,0,0,0,0,0,0,FALSE,FALSE,Opportunities Shared,unknown,0,0,Low
12121,blaineeast@gmail.com,no,0,0,0,0,0,0,FALSE,FALSE,Opportunities Shared,unknown,0,0,Low
13056,jason.zimmerman@dutchland.com,no,0,0,0,0,0,0,FALSE,FALSE,Opportunities Shared,CEO,0,0,Low
11214,mbaker@alphaguardian.com,no,0,0,0,0,0,0,FALSE,FALSE,Opportunities Shared,unknown,0,0,Low
12119,david.ostmann@modtruss.com,no,0,0,0,0,0,0,FALSE,FALSE,Opportunities Shared,unknown,0,0,Low
11809,david.almario@jobba.com,no,0,0,0,0,0,0,FALSE,FALSE,Opportunities Shared,unknown,0,0,Low
11213,rob@prohipaa.com,no,0,0,0,0,0,0,FALSE,FALSE,Opportunities Shared,CEO,0,0,Low
12862,heinzforma@gmail.com,no,0,0,0,0,0,0,FALSE,FALSE,Opportunities Shared,unknown,0,0,Low
12708,kklapperich@nationalrivet.com,no,0,0,0,0,0,0,FALSE,FALSE,Opportunities Shared,Director,0,0,Low
12861,rschehr@ewaldfleet.com,no,0,0,0,0,0,0,FALSE,FALSE,Opportunities Shared,CEO,0,0,Low
12611,wsang@avocethospitality.com,no,0,0,0,0,0,0,FALSE,FALSE,Opportunities Shared,CEO,0,0,Low
12707,jlucash@acmebox.com,yes,0,0,0,0,0,0,FALSE,TRUE,Customer,CEO,2,0.8941430944520077,High
12117,mikee@inventivemfg.com,no,0,0,0,0,0,0,FALSE,FALSE,Opportunities Shared,CEO,0,0,Low
13055,cchambers@serioussimulations.com,no,0,0,0,0,0,0,FALSE,FALSE,Opportunities Shared,CEO,0,0,Low
11619,rknapp@marling.com,no,0,0,0,0,0,0,FALSE,FALSE,Opportunities Shared,CEO,0,0,Low
11265,djenkinson@aeroinst.com,no,0,0,0,0,0,0,FALSE,FALSE,Opportunities Shared,CEO,0,0,Low
11164,shahar@hefestus-slb.com,no,0,0,0,0,0,0,FALSE,FALSE,Opportunities Shared,unknown,0,0,Low
11022,rjubas@relknit.com,no,0,0,0,0,0,0,FALSE,TRUE,Opportunities Shared,CEO,2,0,Low
11963,yakir@hanitalenses.com,no,0,0,0,0,0,0,FALSE,FALSE,Opportunities Shared,unknown,0,0,Low
12504,vipin.kaplesh@bergengg.com,no,0,0,0,0,0,0,TRUE,FALSE,Opportunities Shared,CEO,1,0,Low
13104,guy@bioprotect.com,no,0,0,0,0,0,0,TRUE,FALSE,Opportunities Shared,unknown,1,0,Low
12953,curtise@framecad.com,no,0,0,0,0,0,0,FALSE,FALSE,Opportunities Shared,CEO,0,0,Low
12859,rwimberly@forgecousa.com,no,0,0,0,0,0,0,FALSE,FALSE,Opportunities Shared,CEO,0,0,Low
12754,shayne@tindosolar.com,no,0,0,0,0,0,0,TRUE,FALSE,Opportunities Shared,CEO,1,0,Low
12115,kevin@tpacpackaging.com,no,0,0,0,0,0,0,TRUE,FALSE,Opportunities Shared,Lead,1,0,Low
11163,jen@athlegen.com,no,0,0,0,0,0,0,TRUE,FALSE,Opportunities Shared,CEO,1,0,Low
12608,hanna.bjuke@tornumgroup.com,no,0,0,0,0,0,0,TRUE,FALSE,Opportunities Shared,Director,1,0,Low
11262,edgar.elenes@bioneer.us.com,no,0,1,1,0,0,0,FALSE,FALSE,Opportunities Shared,CEO,0.6000000000000001,0,Low
11211,adam@apmc.com,no,0,0,0,0,0,0,FALSE,TRUE,Opportunities Shared,unknown,2,0,Low
13102,yihsen.gian@nti-nanofilm.com,no,0,0,0,0,0,0,FALSE,FALSE,Opportunities Shared,CEO,0,0,Low
12604,chris.jackson@savantwms.com,no,0,0,0,0,0,0,TRUE,FALSE,Opportunities Shared,Lead,1,0,Low
12606,moty@officecore.com,no,0,0,0,0,0,0,TRUE,FALSE,Opportunities Shared,Manager,1,0,Low
11016,tbravo@chucaotec.com,no,0,0,0,0,0,0,FALSE,TRUE,Opportunities Shared,Lead,2,0,Low
12854,barak@cortex-dental.com,no,0,0,0,0,0,0,TRUE,FALSE,Opportunities Shared,VP,1,0,Low
12852,khoukamau@npsl.co.nz,no,0,0,0,0,0,0,TRUE,FALSE,Opportunities Shared,unknown,1,0,Low
12802,dougdixon@catalystcloud.nz,no,0,0,0,0,0,0,TRUE,FALSE,Opportunities Shared,CEO,1,0,Low
12751,dascanio.daniela@gmail.com,no,0,0,0,0,0,0,FALSE,FALSE,Opportunities Shared,unknown,0,0,Low
11014,jadir.goncalves@fibraforte.com.br,no,0,0,0,0,0,0,FALSE,FALSE,Opportunities Shared,CEO,0,0,Low
12302,marketing@mbn.it,no,0,0,0,0,0,0,FALSE,FALSE,Opportunities Shared,unknown,0,0,Low
12254,b.abudaqa@cabsy.com,no,0,0,0,0,0,0,FALSE,FALSE,Opportunities Shared,unknown,0,0,Low
12112,andrew@lindbergmachine.com,no,0,0,0,0,0,0,FALSE,FALSE,Opportunities Shared,unknown,0,0,Low
11011,nicoleta@quadribot.com,no,0,0,0,0,0,0,FALSE,FALSE,Opportunities Shared,unknown,0,0,Low
11259,tom@junctionbox.com,no,0,0,0,0,0,0,FALSE,FALSE,Opportunities Shared,unknown,0,0,Low
11311,sales@corumbronz.com.tr,no,0,0,0,0,0,0,FALSE,FALSE,Opportunities Shared,CEO,0,0,Low
12109,cicero.sousa@newwind.com.br,no,0,0,0,0,0,0,FALSE,FALSE,Opportunities Shared,unknown,0,0,Low
11405,jake@steadyrack.com,no,0,0,0,0,0,0,FALSE,TRUE,Customer,CEO,2,0.8941430944520077,High
11405,jake@steadyrack.com,yes,0,0,0,0,0,0,FALSE,TRUE,Customer,CEO,2,0.8941430944520077,High
11310,luisdematos@followinspiration.pt,no,0,1,1,0,0,0,FALSE,FALSE,Opportunities Shared,CEO,0.6000000000000001,0,Low
11257,anthony@firmolux.com,no,0,0,0,0,0,0,FALSE,FALSE,Opportunities Shared,Lead,0,0,Low
12106,danny.cohen@prooftec.com,no,0,0,0,0,0,0,TRUE,FALSE,Opportunities Shared,CEO,1,0,Low
11607,alex.wilkinson@iodmconnect.com,no,0,0,0,0,0,0,TRUE,FALSE,Opportunities Shared,CEO,1,0,Low
12201,dhkim@iritech.com,no,0,0,0,0,0,0,TRUE,FALSE,Opportunities Shared,CEO,1,0,Low
11554,tim@riseproducts.com,no,0,0,0,0,0,0,FALSE,TRUE,Customer,CMO,2,0.9764025836446596,High
11553,shiriz@alltest.co.il,no,0,0,0,0,0,0,FALSE,FALSE,Opportunities Shared,CEO,0,0,Low
11254,jmjimenez@webdoxclm.com,no,0,0,0,0,0,0,TRUE,FALSE,Opportunities Shared,CEO,1,0,Low
11252,sazariah@zapoj.com,no,0,0,0,0,0,0,FALSE,FALSE,Opportunities Shared,unknown,0,0,Low
11305,peter@nanoman.com.au,no,0,0,0,0,0,0,TRUE,FALSE,Opportunities Shared,Manager,1,0,Low
12052,byron@bluwave.co.za,no,0,1,1,0,0,0,FALSE,FALSE,Opportunities Shared,unknown,0.6000000000000001,0,Low
11603,agastya@beltech.ai,no,0,0,0,0,0,0,TRUE,FALSE,Opportunities Shared,CEO,1,0,Low
11602,andi@tricubiq.com,no,0,0,0,0,0,0,TRUE,FALSE,Opportunities Shared,Manager,1,0,Low
11703,naveen@tiltlabs.io,no,0,0,0,0,0,0,TRUE,FALSE,Opportunities Shared,unknown,1,0,Low
11802,info1@abp.com.tr,no,0,0,0,0,0,0,FALSE,FALSE,Opportunities Shared,Lead,0,0,Low
11902,clare.jolly@digivizer.com,no,0,0,0,0,0,0,TRUE,FALSE,Opportunities Shared,CEO,1,0,Low
11552,neomar@razzo.tech,no,0,0,0,0,0,0,TRUE,FALSE,Opportunities Shared,unknown,1,0,Low
11402,vinay.krithik@gmail.com,no,0,0,0,0,0,0,TRUE,FALSE,Opportunities Shared,CEO,1,0,Low
11053,michael.grimm@carbonnegative.energy,no,0,0,0,0,0,0,TRUE,FALSE,Opportunities Shared,CEO,1,0,Low
11501,sl@gypack.com,no,0,1,1,0,0,0,TRUE,TRUE,Opportunities Shared,unknown,3.6,0,Low
11151,noreen.guerra@monitorapp.com,no,0,0,0,0,0,0,FALSE,FALSE,Opportunities Shared,Director,0,0,Low
11051,greg@labmagic.com.au,no,0,0,0,0,0,0,FALSE,FALSE,Opportunities Shared,CEO,0,0,Low
9751,fernando.ruiz@hidroconta.com,no,0,0,0,0,0,0,FALSE,TRUE,Opportunities Shared,CEO,2,0,Low
9601,sgilbard@theatrical.com,no,0,0,0,0,0,0,FALSE,FALSE,Opportunities Shared,CEO,0,0,Low
9401,mvila@meryt-chemical.com,no,0,1,1,0,0,0,FALSE,TRUE,Opportunities Shared,CEO,2.6,0,Low
7955,cranes@maedausa.com,no,0,0,0,0,0,0,FALSE,FALSE,Customer,CEO,0,0.8450184479402446,High
7955,cranes@maedausa.com,yes,0,0,0,0,0,0,FALSE,FALSE,Customer,CEO,0,0.8450184479402446,High
7955,cranes@maedausa.com,no,0,0,0,0,0,0,FALSE,FALSE,Customer,CEO,0,0.8450184479402446,High
8603,mike@badgerinstitute.org,yes,0,0,0,0,0,0,FALSE,FALSE,Customer,CEO,0,0.8450184479402446,High
9002,wleverett@repete.com,no,0,0,0,0,0,0,FALSE,FALSE,Customer,unknown,0,0.8960979777784798,High
8953,bjgador@gmail.com,yes,0,0,0,0,0,0,FALSE,TRUE,Customer,CEO,2,0.8941430944520077,High
8952,eric.wisnicky@fairchildequipment.com,yes,0,0,0,0,0,0,FALSE,FALSE,Customer,CEO,0,0.8450184479402446,High
8403,don@ahern.com,yes,0,0,0,0,0,0,FALSE,FALSE,Customer,CEO,0,0.8450184479402446,High
8403,don@ahern.com,yes,0,0,0,0,0,0,FALSE,FALSE,Customer,CEO,0,0.8450184479402446,High
8403,don@ahern.com,yes,0,0,0,0,0,0,FALSE,FALSE,Customer,CEO,0,0.8450184479402446,High
8403,don@ahern.com,yes,0,0,0,0,0,0,FALSE,FALSE,Customer,unknown,0,0.8960979777784798,High
8602,kbrandt@brandtinnovativetech.com,no,0,0,0,0,0,0,FALSE,FALSE,Customer,CEO,0,0.8450184479402446,High
8402,jeff.eckhardt@snorkellifts.com,no,0,0,0,0,0,0,FALSE,FALSE,Customer,CEO,0,0.8450184479402446,High
8402,jeff.eckhardt@snorkellifts.com,yes,0,0,0,0,0,0,FALSE,TRUE,Customer,CEO,2,0.8941430944520077,High
9001,david@geckogroup.net,yes,0,0,0,0,0,0,FALSE,FALSE,Customer,COO,0,0.9970568657612946,High
8153,lindeerae@yahoo.com,no,0,0,0,0,0,0,FALSE,FALSE,Customer,VP,0,0.876341907677998,High
8003,bbillmann@macmetal.com,yes,0,0,0,0,0,0,FALSE,FALSE,Customer,VP,0,0.876341907677998,High
8003,bbillmann@macmetal.com,yes,0,0,0,0,0,0,FALSE,FALSE,Customer,Other,0,0.8633743696755827,High
8702,rjulka@adiagency.com,yes,0,0,0,0,0,0,FALSE,FALSE,Customer,VP,0,0.876341907677998,High
8253,barbc@ahern.com,yes,0,0,0,0,0,0,FALSE,FALSE,Customer,unknown,0,0.8960979777784798,High
8751,krawson@sic-lazaro.com,yes,0,0,0,0,0,0,FALSE,FALSE,Customer,unknown,0,0.8960979777784798,High
8751,krawson@sic-lazaro.com,yes,0,0,0,0,0,0,FALSE,FALSE,Customer,unknown,0,0.8960979777784798,High
7953,bjfazer@rockmachinery.com,no,0,0,0,0,0,0,FALSE,FALSE,Customer,unknown,0,0.8960979777784798,High
7953,bjfazer@rockmachinery.com,yes,0,0,0,0,0,0,FALSE,TRUE,Customer,Other,2,0.802026179797155,High
8452,jczajka@dmec.org,yes,0,0,0,0,0,0,FALSE,TRUE,Customer,Other,2,0.802026179797155,High
8452,jczajka@dmec.org,yes,0,0,0,0,0,0,FALSE,FALSE,Customer,VP,0,0.876341907677998,High
8701,guerry@screentight.com,yes,0,0,0,0,0,0,FALSE,FALSE,Customer,Director,0,0.7627153675568895,High
8502,robby@xmfg.com,no,0,0,0,0,0,0,FALSE,FALSE,Customer,Director,0,0.7627153675568895,High
8502,robby@xmfg.com,yes,0,0,0,0,0,0,FALSE,FALSE,Customer,Manager,0,0.8056871404974155,High
8501,jim.masters@snorkellifts.com,yes,0,0,0,0,0,0,FALSE,FALSE,Customer,Manager,0,0.8056871404974155,High
8501,jim.masters@snorkellifts.com,no,0,0,0,0,0,0,FALSE,TRUE,Customer,Executive Director,2,1,High
8551,deanj@handleitinc.com,yes,0,0,0,0,0,0,FALSE,FALSE,Customer,CEO,0,0.8450184479402446,High
8302,matthew.rehmann@froedtert.com,yes,0,0,0,0,0,0,FALSE,TRUE,Customer,unknown,2,0.9245381541840141,High
8401,jbecker@bciburke.com,no,0,0,0,0,0,0,FALSE,FALSE,Customer,Director,0,0.7627153675568895,High
8201,allan.kelly@snorkellifts.com,yes,0,0,0,0,0,0,FALSE,FALSE,Customer,Director,0,0.7627153675568895,High
8201,allan.kelly@snorkellifts.com,no,0,0,0,0,0,0,FALSE,FALSE,Customer,Manager,0,0.8056871404974155,High
8151,bsanders@hse-uav.com,yes,0,0,0,0,0,0,FALSE,FALSE,Customer,Director,0,0.7627153675568895,High
7951,chris@simmons.net.nz,yes,0,0,0,0,0,0,TRUE,FALSE,Customer,Managing Director,1,0.8516446621951859,High
7851,smit@benchmarkintl.com,yes,0,0,0,0,0,0,FALSE,FALSE,Customer,Director,0,0.7627153675568895,High
7452,ed.robinson@gmail.com,yes,0,0,0,0,0,0,FALSE,FALSE,Customer,VP,0,0.876341907677998,High
7801,ericg@oostburgbank.com,yes,1,1,1,0,0,0,FALSE,FALSE,Customer,VP,0.8,0.6908693952442091,Medium
7355,ssadowski@seeformingllc.com,no,0,0,0,0,0,0,FALSE,TRUE,Customer,Director,2,0.9999420289855072,High
7552,mpellegrini@blachfordinc.com,yes,0,0,0,0,0,0,FALSE,FALSE,Customer,unknown,0,0.8960979777784798,High
7701,christopher.sadler@froedtert.com,yes,0,0,0,0,0,0,FALSE,FALSE,Customer,CEO,0,0.8450184479402446,High
7252,mafable@virtualchamps.com,yes,0,0,0,0,0,0,FALSE,TRUE,Customer,Director,2,0.9999420289855072,High
7352,kirk.joseph@emist.com,yes,0,0,0,0,0,0,FALSE,FALSE,Customer,CEO,0,0.8450184479402446,High
7152,rgranko@geisinger.edu,yes,0,0,0,0,0,0,FALSE,TRUE,Customer,Manager,2,0.69864277976925,Medium
7201,bhavin.sheth@ecoaxis.com,yes,0,0,0,0,0,0,FALSE,FALSE,Customer,Other,0,0.8633743696755827,High
7501,vishal@proworkflow.com,yes,0,0,0,0,0,0,FALSE,FALSE,Customer,CEO,0,0.8450184479402446,High
7101,grichmond@crmonline.com.au,yes,0,0,0,0,0,0,FALSE,TRUE,Customer,CEO,2,0.8941430944520077,High
7002,werner@generalpallets.com,yes,0,0,0,0,0,0,FALSE,TRUE,Customer,Manager,2,0.69864277976925,Medium
7051,bhare@fuelsafe.com,yes,1,1,1,0,0,0,FALSE,TRUE,Customer,CEO,2.8,0.6673689754689754,Medium
6951,brigid.manley@turmec.com,yes,0,0,0,0,0,0,FALSE,FALSE,Customer,unknown,0,0.8960979777784798,High
6901,sbussan@ellisontechnologies.com,no,11,2,1,0,0,0,FALSE,TRUE,Opportunities Shared,unknown,5,0,Low
4201,kgalloway@visanteinc.com,no,0,0,0,0,0,0,FALSE,TRUE,Opportunities Shared,VP,2,0,Low
4451,ceo@crossborderconnections.com,yes,0,0,0,0,0,0,FALSE,TRUE,Customer,unknown,2,0.9245381541840141,High
4401,mark.wooten@princeind.com,yes,0,0,0,0,0,0,FALSE,FALSE,Customer,CEO,0,0.8450184479402446,High
3801,tom@careernerds.com,yes,0,0,0,0,0,0,FALSE,FALSE,Customer,CEO,0,0.8450184479402446,High
3801,tom@careernerds.com,no,1,1,1,0,0,0,FALSE,TRUE,Quality Connection,CEO,2.8,0.019592857142857144,Low
2001,amy@bebravent.com,no,0,0,0,0,0,0,FALSE,FALSE,Evangelist,unknown,0,0.9430488670036914,High
901,mmoeser@continuus-technologies.com,yes,0,0,0,0,0,0,FALSE,FALSE,Evangelist,CEO,0,0.9455857457528505,High
951,jmiller@medconline.com,yes,0,0,0,0,0,0,FALSE,FALSE,Evangelist,CEO,0,0.9455857457528505,High
951,jmiller@medconline.com,yes,0,0,0,0,0,0,FALSE,FALSE,Evangelist,CEO,0,0.9455857457528505,High
951,jmiller@medconline.com,yes,0,0,0,0,0,0,FALSE,TRUE,Customer,CEO,2,0.8941430944520077,High
701,dvoissem@badgerplug.com,yes,0,0,0,0,0,0,FALSE,FALSE,Customer,unknown,0,0.8960979777784798,High
351,dstern@harrigansolutions.com,yes,0,0,0,0,0,0,FALSE,FALSE,Evangelist,CEO,0,0.9455857457528505,High
451,jvanstraten1@gmail.com,yes,0,0,0,0,0,0,FALSE,FALSE,Evangelist,CEO,0,0.9455857457528505,High
201,cswoger@isleworthcp.com,no,0,0,0,0,0,0,FALSE,FALSE,Evangelist,CEO,0,0.9455857457528505,High
