lead_score_tier_xgb,primary_industry,continent,company_size,original_traffic_source,recent_sales_email_replied,total_deals,total_sales,avg_deal_size,conversion_rate,avg_days_to_close
High,Business Services,North America,Employees.10to19,Offline Sources,FALSE,54,1402060.563203916,25964.084503776223,0.8333333333333334,0.33333333333333315
High,Manufacturing,North America,Employees.100to249,Offline Sources,TRUE,15,1037969.6951620281,69197.97967746854,0.7333333333333333,6.866666666666666
Low,Business Services,North America,Employees.10to19,Offline Sources,FALSE,129,695335.5782628059,5390.1982811070275,0.05426356589147281,43.63565891472864
High,Business Services,North America,Employees.10to19,Offline Sources,TRUE,23,637165.3006674951,27702.839159456307,0.6956521739130435,8.782608695652176
High,Manufacturing,North America,Employees.20to49,Offline Sources,TRUE,20,634152.9829464853,31707.649147324264,0.55,28.099999999999994
High,Retail,North America,Employees.1000to4999,Offline Sources,FALSE,24,477133.5783392191,19880.565764134128,0.7083333333333333,0
High,Retail,North America,Employees.5to9,Offline Sources,FALSE,16,402099.73534941673,25131.233459338546,0.5,0
High,Manufacturing,North America,Employees.250to499,Offline Sources,FALSE,11,289850.1148428768,26350.01044026153,0.7272727272727273,3.818181818181817
High,Manufacturing,North America,Employees.10to19,Offline Sources,FALSE,10,265777.2865705192,26577.72865705192,0.5,31.5
Low,Manufacturing,Asia,Employees.100to249,Offline Sources,FALSE,11,109418.43903064728,9947.130820967934,0,55.18181818181818
High,Retail,North America,Employees.20to49,Offline Sources,TRUE,5,97345.96627950668,19469.193255901337,0.8,120.2
High,Manufacturing,North America,Employees.20to49,Offline Sources,FALSE,10,92907.63594582677,9290.763594582677,0.9,0
Low,Business Services,North America,Employees.10to19,unknown,FALSE,29,85054.90374565125,2932.9277153672856,0.03448275862068967,45.103448275862064
High,Manufacturing,North America,Employees.250to499,Offline Sources,TRUE,7,77613.91850281507,11087.702643259296,1,78.42857142857142
High,Manufacturing,North America,Employees.10to19,Offline Sources,TRUE,7,52688.55516463518,7526.93645209074,0.8571428571428571,49.857142857142854
High,Business Services,North America,Employees.50to99,Offline Sources,TRUE,10,47312.00499609113,4731.200499609113,0.7,60.7
High,Hospitals & Physicians Clinics,North America,Employees.10000plus,Offline Sources,FALSE,6,35230.04034906626,5871.6733915110435,0.8333333333333334,0
Low,Manufacturing,Asia,Employees.20to49,Offline Sources,FALSE,10,34895.03926038742,3489.503926038742,0,9.9
Low,Manufacturing,Europe,Employees.100to249,Offline Sources,FALSE,6,29318.567344546318,4886.42789075772,0,162.83333333333334
Low,Manufacturing,Asia,Employees.50to99,Offline Sources,FALSE,8,28970.989018678665,3621.373627334833,0,78.125
High,Manufacturing,Europe,Employees.100to249,Offline Sources,TRUE,5,23634.590249694884,4726.918049938977,0.8,24.8
High,Manufacturing,North America,Employees.5to9,Offline Sources,FALSE,5,12054.381787776947,2410.8763575553894,0.6,0
Low,Manufacturing,North America,Employees.100to249,Offline Sources,FALSE,17,6778.843861818314,398.7555212834302,0,114.58823529411765
Low,Software,Asia,Employees.20to49,Offline Sources,FALSE,5,6342.831611633301,1268.5663223266602,0,34
Low,Manufacturing,North America,Employees.20to49,Offline Sources,FALSE,11,3484.0114414691925,316.7283128608357,0,72.18181818181819
Low,Manufacturing,North America,Employees.50to99,Offline Sources,FALSE,5,3385.7038617134094,677.1407723426819,0,26.4
Low,Manufacturing,North America,Employees.5to9,Offline Sources,FALSE,5,2877.1956861019135,575.4391372203827,0,68.6
Low,Manufacturing,North America,Employees.10to19,Offline Sources,FALSE,13,2839.9369418621063,218.45668783554663,0,131.76923076923077
Low,Manufacturing,Oceania,Employees.20to49,Offline Sources,TRUE,5,2388.863116502762,477.77262330055237,0,185
Low,Manufacturing,Europe,Employees.50to99,Offline Sources,FALSE,5,2157.4217677116394,431.4843535423279,0,77.6
Low,Manufacturing,North America,Employees.20to49,Offline Sources,TRUE,5,1946.238249540329,389.2476499080658,0,199.2
Low,Manufacturing,Europe,Employees.100to249,Direct Traffic,TRUE,13,1696.4043602347374,130.4926430949798,0,179.69230769230768
Low,Manufacturing,Oceania,Employees.20to49,Offline Sources,FALSE,5,1550.1910150051117,310.03820300102234,0,28
Low,Manufacturing,Asia,Employees.250to499,Offline Sources,FALSE,5,1414.4658744335175,282.8931748867035,0,156.8
Low,Manufacturing,Europe,Employees.100to249,Direct Traffic,FALSE,16,1333.9024782180786,83.36890488862991,0,243.8125
Low,Manufacturing,Oceania,Employees.10to19,Offline Sources,FALSE,6,1285.5733931064606,214.2622321844101,0,42.33333333333333
Low,Business Services,North America,Employees.10to19,Offline Sources,TRUE,6,176.41237378120422,29.40206229686737,0,103
Low,Manufacturing,North America,Employees.250to499,unknown,FALSE,5,0,0,1,0
