lead_score_tier_xgb,industry,continent,company_size,original_traffic_source,revenue_tier,profitability_tier,total_deals,total_sales,avg_value,conversion_rate,avg_velocity,avg_touches,avg_touches_closed,avg_value_per_touch,weighted_avg_value_per_touch,roi_index,high_conversion
Low,Business Services,North America,Employees.10to19,Offline Sources,Low,High,133,38784000,291609.0225563912,0.05263157894736837,46.96992481203009,2.7518796992481196,0,19623.18840579709,902666.6666666666,375.3068820780861,FALSE
High,Business Services,North America,Employees.10to19,Offline Sources,Low,High,77,25192884.52,327180.3184415584,0.7922077922077922,2.857142857142857,1.5194805194805197,1.5737704918032778,34416.41158543417,344164.11585434177,17943.599202662263,TRUE
High,Manufacturing,North America,Employees.100to249,Offline Sources,High,High,15,12224400,814960,0.7333333333333333,6.866666666666666,4.333333333333333,5.90909090909091,17610.98901098901,52832.96703296703,2980.321217244294,TRUE
High,Manufacturing,North America,Employees.20to49,Offline Sources,High,High,23,10079300,438230.4347826087,0.6521739130434782,11.826086956521742,6.56521739130435,10.06666666666667,4244.612548201399,21223.06274100699,421.65025313258906,TRUE
Low,Manufacturing,North America,Employees.100to249,Offline Sources,High,High,16,8225050,514065.625,0,91.25,1.25,NA,399679.4642857143,1598717.8571428573,0,FALSE
Low,Manufacturing,Asia,Employees.100to249,Offline Sources,High,High,10,6684000,668400,0,91.9,5.2,NA,78002.51177394035,546017.5824175824,0,FALSE
High,Retail,North America,Employees.1000to4999,Offline Sources,High,High,24,6655200,277300,0.7083333333333333,0,0,0,NA,0,NA,TRUE
High,Hospitals & Physicians Clinics,North America,Employees.10000plus,Offline Sources,High,High,9,5958000,662000,0.7777777777777778,0,0,0,NA,0,NA,TRUE
High,Retail,North America,Employees.5to9,Offline Sources,Medium,High,16,5604000,350250,0.5,0,0,0,NA,0,NA,TRUE
Low,Manufacturing,Asia,Employees.50to99,Offline Sources,High,High,9,5586000,620666.6666666666,0,69.44444444444443,0.11111111111111109,NA,720000,720000,0,FALSE
High,Manufacturing,North America,Employees.250to499,Offline Sources,High,High,18,4868375,270465.2777777777,0.8333333333333334,32.83333333333334,6.4444444444444455,7.6,406017.7074166836,4466194.78158352,52502.289752157354,TRUE
Low,Manufacturing,North America,Employees.20to49,Offline Sources,High,High,11,3912000,355636.36363636365,0,127.63636363636364,5,NA,98930.55555555555,593583.3333333334,0,FALSE
Low,Manufacturing,North America,Employees.50to99,Offline Sources,High,High,7,3806400,543771.4285714285,0,83.85714285714285,9.571428571428571,NA,31948.95104895105,127795.80419580419,0,FALSE
Low,Manufacturing,Oceania,Employees.20to49,Offline Sources,High,High,5,3210000,642000,0,135.2,4.4,NA,30448.05194805195,91344.15584415583,0,FALSE
Low,Manufacturing,Asia,Employees.250to499,Offline Sources,High,High,7,2992050,427435.71428571426,0,122.85714285714286,5,NA,165665.13157894736,662660.5263157894,0,FALSE
Low,Manufacturing,Europe,Employees.100to249,Direct Traffic,High,High,29,2935025,101207.75862068965,0,215.06896551724137,12.206896551724137,NA,17800.459620017995,516213.328980522,0,FALSE
Low,Manufacturing,North America,Employees.20to49,Offline Sources,Medium,High,5,2892000,578400,0,77.2,1,NA,20400,20400,0,FALSE
Low,Manufacturing,Europe,Employees.100to249,Offline Sources,High,High,6,2395800,399300,0,185,5.666666666666666,NA,91321.42857142857,365285.71428571426,0,FALSE
Low,Business Services,North America,Employees.10to19,unknown,Low,High,29,2311500,79706.89655172414,0.03448275862068967,45.103448275862064,0.3103448275862069,0,0,0,0,FALSE
Low,Manufacturing,Oceania,Employees.10to19,Offline Sources,Medium,High,5,2040000,408000,0,176,15.2,NA,24583.404255319147,73750.21276595745,0,FALSE
Low,Business Services,North America,Employees.50to99,Offline Sources,High,High,5,1869000,373800,0,93.8,4,NA,32825,98475,0,FALSE
High,Manufacturing,North America,Employees.10to19,Offline Sources,Medium,High,6,1810500,301750,0.6666666666666666,67.16666666666666,15.833333333333332,23.75,1754.3902439024391,5263.170731707317,73.86906290115533,TRUE
High,Manufacturing,North America,Employees.10to19,Offline Sources,High,High,11,1435200,130472.72727272726,0.6363636363636364,23.72727272727273,0.27272727272727276,0.4285714285714286,28000,28000,65333.33333333332,TRUE
High,Manufacturing,North America,Employees.20to49,Offline Sources,Medium,High,7,1422000,203142.85714285713,0.7142857142857143,41.42857142857142,1.7142857142857144,0,8500,8500,3541.6666666666665,TRUE
Low,Manufacturing,Asia,Employees.20to49,Offline Sources,High,High,5,1404000,280800,0,15,0,NA,NA,0,NA,FALSE
High,Retail,North America,Employees.20to49,Offline Sources,High,High,5,1040000,208000,0.8,120.2,11.2,2.5,2108.695652173913,4217.391304347826,150.6211180124224,TRUE
High,Business Services,North America,Employees.50to99,Offline Sources,High,High,11,310804,28254.909090909092,0.8181818181818181,18.636363636363633,9,9.666666666666668,4513.915555555555,27083.493333333332,410.3559595959595,TRUE
High,Manufacturing,Europe,Employees.100to249,Offline Sources,High,High,7,291200,41600,0.5714285714285714,17.714285714285715,20.714285714285715,27,2018.4547827505573,8073.819131002229,55.68151124829123,TRUE
Low,Manufacturing,North America,Employees.10to19,Offline Sources,High,High,9,246800,27422.222222222223,0,41.33333333333333,3.666666666666666,NA,6558.333333333334,13116.666666666668,0,FALSE
High,Manufacturing,North America,Employees.5to9,Offline Sources,High,High,5,168000,33600,0.6,0,0,0,NA,0,NA,TRUE
Low,Manufacturing,North America,Employees.250to499,unknown,High,High,5,0,0,1,0,0,0,NA,NA,NA,TRUE
