contact_id,deal_id,predicted_amount,deal_amount,lead_score_tier_xgb,email,primary_company_id,closed_won_count,forecast_amount,create_date,close_date,days_to_close,deal_stage,continent,primary_industry,original_traffic_source,number_of_times_contacted,number_of_pageviews,number_of_sessions,number_of_form_submissions,marketing_emails_opened,marketing_emails_clicked,marketing_emails_replied,currently_in_sequence,recent_sales_email_replied,lifecycle_stage,last_contacted,last_activity_date,role,engagement_score_raw,create_date_parsed,close_date_parsed,deal_age,active_deal,is_closing_this_q,engaged_recently,lead_score_xgb,predicted_prob_xgb,close_month,lower_ci,upper_ci
47075638332,21440611931,17649.998046875,17650,Low,bernd.heinrichs@neura-robotics.com,22327542034,no,17650,8/14/24 09:03,5/31/25 10:55,290,4 - Review/Negotiation,Europe,Manufacturing,Direct Traffic,16,0,2,2,0,0,0,0,TRUE,Opportunities Shared,2/26/25 11:46,2/26/25 11:46,Other,3.2,2024-08-14T09:03:00Z,2025-05-31T10:55:00Z,233.97222222222223,FALSE,TRUE,FALSE,1,0.009041666984558105,2025-05-01T00:00:00Z,17370.5800963412,17929.4159974088
36384483254,20651990095,17649.998046875,17650,Low,graemeladds@pharsafer.com,0,no,17650,7/10/24 07:11,5/31/25 10:53,325,4 - Review/Negotiation,Europe,Manufacturing,Direct Traffic,12,0,2,2,0,0,0,0,TRUE,Opportunities Shared,12/3/24 12:22,12/3/24 12:22,Other,3.2,2024-07-10T07:11:00Z,2025-05-31T10:53:00Z,269.05,FALSE,TRUE,FALSE,1,0.009041666984558105,2025-05-01T00:00:00Z,17370.5800963412,17929.4159974088
49630449687,28779456871,17275,17275,Low,jstimpson@cryos.com,0,no,17275,11/6/24 08:17,5/31/25 10:52,206,3 - Plan Preview,Europe,Manufacturing,Direct Traffic,18,1,1,2,0,0,0,0,TRUE,Opportunities Shared,12/17/24 15:51,1/22/25 08:00,CEO,3.2,2024-11-06T08:17:00Z,2025-05-31T10:52:00Z,150.00416666666666,FALSE,TRUE,FALSE,2,0.016722500324249268,2025-05-01T00:00:00Z,16995.5820494662,17554.4179505338
8503,18865437066,13500.001953125,13500,High,dmoeller@americansignal.com,15424976907,no,13500,4/24/24 08:16,5/31/25 10:53,402,4 - Review/Negotiation,North America,Business Services,Offline Sources,18,0,1,1,0,0,0,0,TRUE,Customer,1/15/25 11:41,1/29/25 09:00,CEO,2.6,2024-04-24T08:16:00Z,2025-05-31T10:53:00Z,346.0048611111111,FALSE,TRUE,FALSE,84,0.837547779083252,2025-05-01T00:00:00Z,13220.584002591198,13779.419903658802
578651,18113517750,13249.9970703125,13250,Low,denson.jeffrey@gmail.com,19805056053,no,13250,3/19/24 15:32,5/31/25 10:53,437,4 - Review/Negotiation,North America,Manufacturing,Direct Traffic,36,1,2,2,0,0,0,0,TRUE,Opportunities Shared,12/2/24 16:03,12/2/24 16:03,Other,3.4000000000000004,2024-03-19T15:32:00Z,2025-05-31T10:53:00Z,381.70208333333335,FALSE,TRUE,FALSE,1,0.009914755821228027,2025-05-01T00:00:00Z,12970.579119778698,13529.415020846302
37207925059,20652880784,12650.001953125,12650,Low,m.torti@hydromer.com,21799267179,no,12650,7/10/24 07:15,5/31/25 10:53,325,4 - Review/Negotiation,North America,Manufacturing,Direct Traffic,11,1,2,2,0,0,0,0,TRUE,Opportunities Shared,12/3/24 13:53,12/3/24 13:53,Other,3.4000000000000004,2024-07-10T07:15:00Z,2025-05-31T10:53:00Z,269.0472222222222,FALSE,TRUE,FALSE,1,0.009914755821228027,2025-05-01T00:00:00Z,12370.584002591198,12929.419903658802
51115379264,21776534957,11399.9990234375,11400,Low,tberg@danemfg.com,22576723040,no,11400,8/28/24 07:40,5/31/25 15:21,276,4 - Review/Negotiation,North America,Manufacturing,Offline Sources,10,0,0,0,0,0,0,0,FALSE,Opportunities Shared,4/3/25 15:22,4/3/25 15:22,Other,0,2024-08-28T07:40:00Z,2025-05-31T15:21:00Z,220.0298611111111,FALSE,TRUE,TRUE,1,0.010589540004730225,2025-05-01T00:00:00Z,11120.581072903698,11679.416973971302
1801,21442531363,8500.068359375,8500,High,bharrigan@harrigansolutions.com,10200865152,no,8500,8/14/24 09:57,5/31/25 10:50,290,11 - Closed - No Decision,North America,Manufacturing,Offline Sources,9,0,0,0,0,0,0,0,TRUE,Customer,9/11/24 15:47,9/11/24 15:47,CEO,2,2024-08-14T09:57:00Z,2025-05-31T10:50:00Z,233.93472222222223,FALSE,TRUE,FALSE,94,0.9360189065337181,2025-05-01T00:00:00Z,8220.650408841198,8779.486309908802
6365194085,18261979240,8500.009765625,8850,Low,john.down@enieng.co.nz,21506817879,no,8850,3/27/24 07:59,5/15/25 16:03,414,4 - Review/Negotiation,Insular Oceania,Manufacturing,Direct Traffic,15,0,2,2,0,0,0,0,TRUE,Opportunities Shared,9/11/24 17:10,9/11/24 17:10,Other,3.2,2024-03-27T07:59:00Z,2025-05-15T16:03:00Z,374.01666666666665,FALSE,TRUE,FALSE,1,0.01479649543762207,2025-05-01T00:00:00Z,8220.591815091198,8779.427716158802
27775733787,20004575544,8500.001953125,8500,Low,andrew@hopkinson.aero,21292179763,no,8500,6/11/24 09:04,5/31/25 10:51,354,2 - Interrogation,North America,Other,Direct Traffic,12,0,1,1,0,0,0,0,TRUE,Opportunities Shared,12/3/24 13:18,12/3/24 13:18,CEO,2.6,2024-06-11T09:04:00Z,2025-05-31T10:51:00Z,297.9715277777778,FALSE,TRUE,FALSE,2,0.018659353256225586,2025-05-01T00:00:00Z,8220.584002591198,8779.419903658802
95269809733,32729530006,8500.0009765625,8500,Low,jdepratti@inlandmetal.com,29284552193,no,8500,1/29/25 13:53,5/31/25 15:27,122,2 - Interrogation,North America,Manufacturing,Offline Sources,4,0,0,0,0,0,0,0,FALSE,Opportunities Shared,4/3/25 15:27,4/3/25 15:27,Other,0,2025-01-29T13:53:00Z,2025-05-31T15:27:00Z,65.77083333333333,FALSE,TRUE,TRUE,1,0.011295735836029053,2025-05-01T00:00:00Z,8220.583026028698,8779.418927096302
85241639170,30480362539,8500.0009765625,8500,Low,fprenda@gemtexabrasives.com,0,no,8500,12/16/24 15:11,5/31/25 16:15,166,2 - Interrogation,Europe,Manufacturing,Direct Traffic,13,0,2,2,0,0,0,0,TRUE,Opportunities Shared,4/3/25 16:14,4/3/25 16:14,VP,3.2,2024-12-16T15:11:00Z,2025-05-31T16:15:00Z,109.71666666666667,FALSE,TRUE,TRUE,1,0.01479649543762207,2025-05-01T00:00:00Z,8220.583026028698,8779.418927096302
76438490027,29018360957,8500.0009765625,8500,Low,dewald.bodenstein@grindtech.com,25139058038,no,8500,11/13/24 10:04,5/15/25 16:02,183,2 - Interrogation,Africa,Manufacturing,Direct Traffic,12,1,1,1,0,0,0,0,TRUE,Opportunities Shared,2/26/25 14:10,2/26/25 14:10,Manager,2.8,2024-11-13T10:04:00Z,2025-05-15T16:02:00Z,142.9298611111111,FALSE,TRUE,FALSE,1,0.005870342254638672,2025-05-01T00:00:00Z,8220.583026028698,8779.418927096302
94080243240,32672208744,8500,8500,Low,sdavis@futech-eng.com,28979164672,no,8500,1/28/25 12:13,5/15/25 16:02,107,2 - Interrogation,North America,Manufacturing,Direct Traffic,5,1,2,2,0,0,0,0,TRUE,Opportunities Shared,2/5/25 09:02,3/14/25 14:14,Other,3.4000000000000004,2025-01-28T12:13:00Z,2025-05-15T16:02:00Z,66.84027777777777,FALSE,TRUE,FALSE,1,0.009914755821228027,2025-05-01T00:00:00Z,8220.582049466198,8779.417950533802
91366116208,32579488114,8500,8500,Low,anolen@web-don.com,28518836072,no,8500,1/27/25 15:09,5/15/25 15:51,107,2 - Interrogation,North America,Manufacturing,Organic Social,6,1,2,2,0,0,0,1,TRUE,Opportunities Shared,2/5/25 18:52,2/5/25 18:52,COO,4.4,2025-01-27T15:09:00Z,2025-05-15T15:51:00Z,67.71805555555555,FALSE,TRUE,FALSE,1,0.012506067752838135,2025-05-01T00:00:00Z,8220.582049466198,8779.417950533802
92231619847,32299401539,8500,8500,Low,gregory.flippes@eid.pt,28648386900,no,8500,1/22/25 11:17,5/16/25 15:24,114,2 - Interrogation,Europe,Other,Direct Traffic,3,0,1,1,0,0,0,0,TRUE,Opportunities Shared,2/25/25 11:14,2/25/25 12:02,Director,2.6,2025-01-22T11:17:00Z,2025-05-16T15:24:00Z,72.87916666666666,FALSE,TRUE,FALSE,2,0.018659353256225586,2025-05-01T00:00:00Z,8220.582049466198,8779.417950533802
91450556253,32026310711,8500,8500,Low,nick.mellen@integratedplastics.com.au,0,no,8500,1/14/25 15:35,5/1/25 08:24,106,2 - Interrogation,Europe,Manufacturing,Direct Traffic,5,1,2,2,0,0,0,0,TRUE,Opportunities Shared,2/20/25 17:55,2/20/25 17:55,Other,3.4000000000000004,2025-01-14T15:35:00Z,2025-05-01T08:24:00Z,80.7,FALSE,TRUE,FALSE,2,0.016722500324249268,2025-05-01T00:00:00Z,8220.582049466198,8779.417950533802
85244646426,31738244139,8500,8500,Low,stefan.schaefer@expectus.com,0,no,8500,1/9/25 14:24,5/15/25 16:35,126,2 - Interrogation,Europe,Manufacturing,Organic Social,15,1,2,2,0,0,0,0,TRUE,Opportunities Shared,2/21/25 14:30,2/21/25 14:30,CEO,3.4000000000000004,2025-01-09T14:24:00Z,2025-05-15T16:35:00Z,85.74930555555555,FALSE,TRUE,FALSE,2,0.016722500324249268,2025-05-01T00:00:00Z,8220.582049466198,8779.417950533802
82509161060,30184697185,8500,8500,Low,info@ventechsystems.co.nz,26626134339,no,8500,12/11/24 15:21,5/31/25 15:15,170,2 - Interrogation,Insular Oceania,Other,Direct Traffic,6,2,3,2,0,0,0,0,TRUE,Opportunities Shared,1/13/25 11:43,2/4/25 08:00,Other,3.8,2024-12-11T15:21:00Z,2025-05-31T15:15:00Z,114.70972222222223,FALSE,TRUE,FALSE,1,0.009914755821228027,2025-05-01T00:00:00Z,8220.582049466198,8779.417950533802
73513750934,30183769601,8500,8500,Low,kathy@qualitysystemsnow.com.au,25279732651,no,8500,12/11/24 15:16,5/31/25 10:55,170,3 - Plan Preview,Oceania,Business Services,Direct Traffic,6,3,3,2,0,0,0,0,TRUE,Opportunities Shared,2/6/25 09:56,2/6/25 09:56,Other,4,2024-12-11T15:16:00Z,2025-05-31T10:55:00Z,114.71319444444444,FALSE,TRUE,FALSE,1,0.009914755821228027,2025-05-01T00:00:00Z,8220.582049466198,8779.417950533802
77894573571,29394740598,8500,8500,Low,angie@aggressivetube.com,0,no,8500,11/20/24 15:35,5/31/25 10:54,191,2 - Interrogation,Europe,Manufacturing,Direct Traffic,2,1,2,2,0,0,0,0,FALSE,Opportunities Shared,11/20/24 15:38,11/20/24 15:38,Other,1.4000000000000001,2024-11-20T15:35:00Z,2025-05-31T10:54:00Z,135.7,FALSE,TRUE,FALSE,1,0.009813785552978516,2025-05-01T00:00:00Z,8220.582049466198,8779.417950533802
512051,29047998061,8500,8500,Low,laurence@hersol.co.za,0,no,8500,11/13/24 08:16,5/31/25 10:53,199,2 - Interrogation,Europe,Manufacturing,Offline Sources,9,0,2,2,0,0,0,0,TRUE,Opportunities Shared,11/11/24 08:00,11/11/24 08:00,CEO,3.2,2024-11-13T08:16:00Z,2025-05-31T10:53:00Z,143.0048611111111,FALSE,TRUE,FALSE,1,0.009041666984558105,2025-05-01T00:00:00Z,8220.582049466198,8779.417950533802
73924764435,28752193375,8500,8500,Low,nick.potter@dbqscrewproducts.com,25288044648,no,8500,11/5/24 14:32,5/15/25 16:29,191,2 - Interrogation,North America,Manufacturing,Direct Traffic,3,1,2,2,0,0,0,0,FALSE,Opportunities Shared,4/3/25 16:29,4/3/25 16:29,Manager,1.4000000000000001,2024-11-05T14:32:00Z,2025-05-15T16:29:00Z,150.74375,FALSE,TRUE,TRUE,1,0.011217176914215088,2025-05-01T00:00:00Z,8220.582049466198,8779.417950533802
71883278777,28359152412,8500,8500,Low,mark@swiftwall.com,25122484043,no,8500,10/25/24 12:10,5/31/25 15:53,218,2 - Interrogation,North America,Manufacturing,Direct Traffic,7,3,4,3,0,0,0,0,FALSE,Opportunities Shared,11/11/24 14:09,11/11/24 14:09,Other,2.6000000000000005,2024-10-25T12:10:00Z,2025-05-31T15:53:00Z,161.8423611111111,FALSE,TRUE,FALSE,1,0.008798837661743164,2025-05-01T00:00:00Z,8220.582049466198,8779.417950533802
66131869072,23268420418,8500,8500,Low,jjepson@reesinc.com,0,no,8500,10/16/24 07:58,5/31/25 10:51,227,2 - Interrogation,Europe,Manufacturing,Direct Traffic,7,0,2,2,0,0,0,0,FALSE,Opportunities Shared,12/3/24 12:17,12/3/24 12:17,Other,1.2000000000000002,2024-10-16T07:58:00Z,2025-05-31T10:51:00Z,171.01736111111111,FALSE,TRUE,FALSE,1,0.00882643461227417,2025-05-01T00:00:00Z,8220.582049466198,8779.417950533802
65406847916,23145602088,8500,8500,Low,phil.biggs@foodmach.com.au,22694396240,no,8500,10/10/24 20:28,5/31/25 10:51,232,2 - Interrogation,Oceania,Manufacturing,Direct Traffic,9,0,1,1,0,0,0,0,FALSE,Opportunities Shared,10/10/24 20:27,10/10/24 20:27,Other,0.6000000000000001,2024-10-10T20:28:00Z,2025-05-31T10:51:00Z,176.49652777777777,FALSE,TRUE,FALSE,1,0.00882643461227417,2025-05-01T00:00:00Z,8220.582049466198,8779.417950533802
64355144240,23150244017,8500,8500,Low,k.jeltsch@promix-solutions.com,0,no,8500,10/10/24 20:28,5/31/25 10:51,232,2 - Interrogation,Europe,Manufacturing,Direct Traffic,2,1,2,2,0,0,0,0,FALSE,Opportunities Shared,12/3/24 12:19,12/3/24 12:19,Other,1.4000000000000001,2024-10-10T20:28:00Z,2025-05-31T10:51:00Z,176.49652777777777,FALSE,TRUE,FALSE,1,0.009813785552978516,2025-05-01T00:00:00Z,8220.582049466198,8779.417950533802
65876614669,23112190583,8500,8500,Low,md@packserv.com.au,23718506796,no,8500,10/9/24 15:49,5/15/25 16:19,218,3 - Plan Preview,Oceania,Manufacturing,Offline Sources,20,0,0,0,0,0,0,0,TRUE,Opportunities Shared,1/7/25 20:26,1/7/25 23:04,Other,2,2024-10-09T15:49:00Z,2025-05-15T16:19:00Z,177.69027777777777,FALSE,TRUE,FALSE,1,0.0071449875831604,2025-05-01T00:00:00Z,8220.582049466198,8779.417950533802
64029052723,23100400545,8500,8500,Low,paul.williams@gemcapcapital.com,0,no,8500,10/9/24 07:57,5/31/25 10:51,234,2 - Interrogation,Europe,Manufacturing,Direct Traffic,3,1,1,2,0,0,0,0,FALSE,Opportunities Shared,12/3/24 13:32,12/3/24 13:32,Other,1.2000000000000002,2024-10-09T07:57:00Z,2025-05-31T10:51:00Z,178.01805555555555,FALSE,TRUE,FALSE,1,0.009813785552978516,2025-05-01T00:00:00Z,8220.582049466198,8779.417950533802
63932505451,23105497119,8500,8500,Low,everettc@thermagelinnovations.com,23501882258,no,8500,10/9/24 07:53,5/31/25 10:53,234,3 - Plan Preview,North America,Business Services,Organic Social,13,1,1,1,0,0,0,0,TRUE,Opportunities Shared,2/6/25 09:54,2/6/25 09:54,CEO,2.8,2024-10-09T07:53:00Z,2025-05-31T10:53:00Z,178.02083333333334,FALSE,TRUE,FALSE,1,0.00781482458114624,2025-05-01T00:00:00Z,8220.582049466198,8779.417950533802
58577395253,22469821576,8500,8500,Low,pchristou@swirltex.com,19236638224,no,8500,9/20/24 14:44,5/31/25 10:51,252,2 - Interrogation,North America,Manufacturing,Direct Traffic,10,2,2,2,0,0,0,0,FALSE,Opportunities Shared,12/3/24 12:13,12/3/24 12:13,Other,1.6,2024-09-20T14:44:00Z,2025-05-31T10:51:00Z,196.73541666666668,FALSE,TRUE,FALSE,1,0.009813785552978516,2025-05-01T00:00:00Z,8220.582049466198,8779.417950533802
56341883676,22204630095,8500,8500,Low,gjm@norvik.is,22862056080,no,8500,9/12/24 11:40,5/31/25 10:51,260,2 - Interrogation,Europe,Other,Direct Traffic,3,0,1,1,0,0,0,0,FALSE,Opportunities Shared,12/3/24 13:07,12/3/24 13:07,Other,0.6000000000000001,2024-09-12T11:40:00Z,2025-05-31T10:51:00Z,204.86319444444445,FALSE,TRUE,FALSE,1,0.00882643461227417,2025-05-01T00:00:00Z,8220.582049466198,8779.417950533802
46709842595,21819910512,8500,8500,Low,brett@bremarauto.com,0,no,8500,8/30/24 11:48,5/31/25 10:51,273,2 - Interrogation,Europe,Manufacturing,Direct Traffic,4,0,2,2,0,0,0,0,TRUE,Opportunities Shared,12/3/24 13:44,12/3/24 13:44,Other,3.2,2024-08-30T11:48:00Z,2025-05-31T10:51:00Z,217.85763888888889,FALSE,TRUE,FALSE,1,0.01479649543762207,2025-05-01T00:00:00Z,8220.582049466198,8779.417950533802
50314103992,21776547460,8500,8500,Low,joey.cuellar@hyster-yale.com,22530281638,no,8500,8/28/24 07:43,5/31/25 10:51,276,2 - Interrogation,North America,Manufacturing,Direct Traffic,4,1,1,1,0,0,0,0,FALSE,Opportunities Shared,12/3/24 13:17,12/3/24 13:17,Other,0.8,2024-08-28T07:43:00Z,2025-05-31T10:51:00Z,220.02777777777777,FALSE,TRUE,FALSE,1,0.009813785552978516,2025-05-01T00:00:00Z,8220.582049466198,8779.417950533802
41218322555,21208753824,8500,8500,Low,j.hansen@alfons-koester.de,0,no,8500,8/7/24 10:48,5/31/25 10:50,297,2 - Interrogation,Europe,Manufacturing,Direct Traffic,3,0,2,2,0,0,0,0,FALSE,Opportunities Shared,12/3/24 13:20,12/3/24 13:20,Other,1.2000000000000002,2024-08-07T10:48:00Z,2025-05-31T10:50:00Z,240.89930555555554,FALSE,TRUE,FALSE,1,0.00882643461227417,2025-05-01T00:00:00Z,8220.582049466198,8779.417950533802
45759984782,21208137082,8500,8500,Low,edgar.bedolla@e2mcouth.com,0,no,8500,8/7/24 09:24,5/31/25 10:50,297,2 - Interrogation,Europe,Manufacturing,Direct Traffic,3,1,2,2,0,0,0,0,FALSE,Opportunities Shared,8/7/24 16:44,8/7/24 16:44,Other,1.4000000000000001,2024-08-07T09:24:00Z,2025-05-31T10:50:00Z,240.95763888888888,FALSE,TRUE,FALSE,1,0.009813785552978516,2025-05-01T00:00:00Z,8220.582049466198,8779.417950533802
43383892147,21090040700,8500,8500,Low,rrowntree@pdmsdesign.com,0,no,8500,7/31/24 08:39,5/31/25 10:51,304,1 - First Meeting Complete,Europe,Manufacturing,Direct Traffic,2,0,1,2,0,0,0,0,FALSE,Opportunities Shared,12/3/24 12:20,12/3/24 12:20,Other,1,2024-07-31T08:39:00Z,2025-05-31T10:51:00Z,247.98888888888888,FALSE,TRUE,FALSE,1,0.00882643461227417,2025-05-01T00:00:00Z,8220.582049466198,8779.417950533802
41738307123,20970937934,8500,8500,Low,m.zubiria@zubex.com,0,no,8500,7/25/24 07:07,5/31/25 10:52,310,2 - Interrogation,Europe,Manufacturing,Direct Traffic,3,2,1,3,0,0,0,0,FALSE,Opportunities Shared,12/3/24 12:01,12/3/24 12:01,Other,1.8000000000000003,2024-07-25T07:07:00Z,2025-05-31T10:52:00Z,254.05277777777778,FALSE,TRUE,FALSE,1,0.009813785552978516,2025-05-01T00:00:00Z,8220.582049466198,8779.417950533802
38487811410,20952351254,8500,8500,Low,sean.manning@ziltek.com,21863803536,no,8500,7/24/24 09:58,5/31/25 10:52,311,2 - Interrogation,Oceania,Other,Direct Traffic,2,0,2,2,0,0,0,0,FALSE,Opportunities Shared,12/3/24 12:03,12/3/24 12:03,Other,1.2000000000000002,2024-07-24T09:58:00Z,2025-05-31T10:52:00Z,254.93402777777777,FALSE,TRUE,FALSE,1,0.00882643461227417,2025-05-01T00:00:00Z,8220.582049466198,8779.417950533802
39971430787,20952356016,8500,8500,Low,donl@premach.com,21944252182,no,8500,7/24/24 09:31,5/31/25 10:53,311,2 - Interrogation,North America,Manufacturing,Direct Traffic,6,1,1,1,0,0,0,0,TRUE,Opportunities Shared,11/22/24 11:19,12/6/24 09:00,CEO,2.8,2024-07-24T09:31:00Z,2025-05-31T10:53:00Z,254.95277777777778,FALSE,TRUE,FALSE,1,0.00781482458114624,2025-05-01T00:00:00Z,8220.582049466198,8779.417950533802
39318672491,20814096776,8500,8500,Low,ed.tullar@kuebler.com,21905443146,no,8500,7/17/24 08:50,5/31/25 10:51,318,2 - Interrogation,North America,Manufacturing,Organic Social,2,1,1,1,0,0,0,0,FALSE,Opportunities Shared,12/3/24 13:16,12/3/24 13:16,CEO,0.8,2024-07-17T08:50:00Z,2025-05-31T10:51:00Z,261.98125,FALSE,TRUE,FALSE,1,0.014550566673278809,2025-05-01T00:00:00Z,8220.582049466198,8779.417950533802
37069288579,20662081063,8500,8500,Low,clive@polyflor.co.za,0,no,8500,7/10/24 17:01,5/31/25 10:50,324,2 - Interrogation,Europe,Manufacturing,Direct Traffic,3,1,2,2,0,0,0,0,FALSE,Opportunities Shared,12/3/24 13:01,12/3/24 13:01,Other,1.4000000000000001,2024-07-10T17:01:00Z,2025-05-31T10:50:00Z,268.6402777777778,FALSE,TRUE,FALSE,1,0.009813785552978516,2025-05-01T00:00:00Z,8220.582049466198,8779.417950533802
36334477364,20660845337,8500,8500,Low,johanvr@leasetracker.co.za,21754438290,no,8500,7/10/24 15:46,5/31/25 10:53,324,2 - Interrogation,Africa,Business Services,Direct Traffic,10,2,2,1,0,0,0,0,TRUE,Opportunities Shared,11/22/24 11:21,12/6/24 09:00,Other,3.2,2024-07-10T15:46:00Z,2025-05-31T10:53:00Z,268.6923611111111,FALSE,TRUE,FALSE,1,0.009914755821228027,2025-05-01T00:00:00Z,8220.582049466198,8779.417950533802
29106050839,20349645108,8500,8500,Low,lalit.sahani@ulepl.com,0,no,8500,6/26/24 08:32,5/31/25 10:52,339,2 - Interrogation,Europe,Manufacturing,Direct Traffic,2,0,1,1,0,0,0,0,FALSE,Opportunities Shared,12/3/24 12:06,2/4/25 08:00,CEO,0.6000000000000001,2024-06-26T08:32:00Z,2025-05-31T10:52:00Z,282.99375,FALSE,TRUE,FALSE,1,0.01147991418838501,2025-05-01T00:00:00Z,8220.582049466198,8779.417950533802
30226210727,20174978475,8500,8500,Low,patrick.blampied@tepari.com,0,no,8500,6/18/24 15:34,5/31/25 10:51,346,2 - Interrogation,Europe,Manufacturing,Direct Traffic,5,2,3,3,0,0,0,0,TRUE,Opportunities Shared,12/3/24 12:07,12/3/24 12:07,CEO,4.2,2024-06-18T15:34:00Z,2025-05-31T10:51:00Z,290.7006944444444,FALSE,TRUE,FALSE,2,0.016722500324249268,2025-05-01T00:00:00Z,8220.582049466198,8779.417950533802
28581264288,19992605840,8500,8500,Low,anthony.lima@revogroupau.com,21341436243,no,8500,6/10/24 17:32,5/31/25 10:50,354,6 - Fallback - Timing or Fit,Oceania,Other,Direct Traffic,3,0,1,1,0,0,0,0,FALSE,Opportunities Shared,6/20/24 11:34,6/20/24 11:34,Other,0.6000000000000001,2024-06-10T17:32:00Z,2025-05-31T10:50:00Z,298.61875,FALSE,TRUE,FALSE,1,0.00882643461227417,2025-05-01T00:00:00Z,8220.582049466198,8779.417950533802
26559688844,19851857266,8500,8500,Low,johagan@weathertex.com.au,21203739282,no,8500,6/4/24 10:41,5/31/25 10:52,361,2 - Interrogation,Oceania,Manufacturing,Direct Traffic,4,2,2,2,0,0,0,0,FALSE,Opportunities Shared,12/3/24 12:03,12/3/24 12:03,Other,1.6,2024-06-04T10:41:00Z,2025-05-31T10:52:00Z,304.90416666666664,FALSE,TRUE,FALSE,1,0.014550566673278809,2025-05-01T00:00:00Z,8220.582049466198,8779.417950533802
23576487783,19699356928,8500,8500,Low,george.tan@slades.com.au,20959101307,no,8500,5/29/24 08:57,5/31/25 10:51,367,2 - Interrogation,Oceania,Manufacturing,Direct Traffic,6,1,1,1,0,0,0,0,TRUE,Opportunities Shared,12/3/24 12:15,12/3/24 12:15,Other,2.8,2024-05-29T08:57:00Z,2025-05-31T10:51:00Z,310.9763888888889,FALSE,TRUE,FALSE,1,0.00781482458114624,2025-05-01T00:00:00Z,8220.582049466198,8779.417950533802
22513457748,19517458967,8500,8500,Low,bstribling@striblinginc.com,20880890737,no,8500,5/21/24 13:05,5/31/25 10:51,374,2 - Interrogation,North America,Manufacturing,Direct Traffic,10,0,1,1,0,0,0,0,TRUE,Opportunities Shared,12/3/24 12:24,12/3/24 12:24,CEO,2.6,2024-05-21T13:05:00Z,2025-05-31T10:51:00Z,318.8041666666667,FALSE,TRUE,FALSE,2,0.018659353256225586,2025-05-01T00:00:00Z,8220.582049466198,8779.417950533802
12551222320,18924371011,8500,8500,Low,rodrigo.zereu@novusautomation.com,20264566649,no,8500,4/26/24 17:27,5/31/25 10:51,399,1 - First Meeting Complete,South America,Manufacturing,Offline Sources,5,0,1,2,0,0,0,0,TRUE,Opportunities Shared,12/3/24 13:06,12/3/24 13:06,Director,3,2024-04-26T17:27:00Z,2025-05-31T10:51:00Z,343.6222222222222,FALSE,TRUE,FALSE,1,0.01479649543762207,2025-05-01T00:00:00Z,8220.582049466198,8779.417950533802
9717660679,18561850659,8500,8500,Low,kmeney@syrinx.net.au,0,no,8500,4/10/24 20:21,5/31/25 10:51,415,2 - Interrogation,Europe,Manufacturing,Direct Traffic,8,0,2,3,0,0,0,0,FALSE,Opportunities Shared,6/25/24 17:54,6/25/24 17:54,CEO,1.6,2024-04-10T20:21:00Z,2025-05-31T10:51:00Z,359.50138888888887,FALSE,TRUE,FALSE,1,0.01147991418838501,2025-05-01T00:00:00Z,8220.582049466198,8779.417950533802
6366466904,18411896338,8500,8500,Low,matt@microsafe.com.au,19682180915,no,8500,4/3/24 19:31,5/31/25 10:51,422,1 - First Meeting Complete,Oceania,Manufacturing,Direct Traffic,10,0,1,1,0,0,0,0,TRUE,Opportunities Shared,12/3/24 13:09,12/3/24 13:09,Other,2.6,2024-04-03T19:31:00Z,2025-05-31T10:51:00Z,366.5361111111111,FALSE,TRUE,FALSE,2,0.018659353256225586,2025-05-01T00:00:00Z,8220.582049466198,8779.417950533802
584251,18174507565,8500,8500,Low,bweinstein@fastcorpvending.com,19582397554,no,8500,3/22/24 13:43,5/31/25 10:53,434,2 - Interrogation,North America,Manufacturing,Direct Traffic,9,0,1,1,0,0,0,0,TRUE,Opportunities Shared,12/3/24 13:22,12/3/24 13:22,CEO,2.6,2024-03-22T13:43:00Z,2025-05-31T10:53:00Z,378.77777777777777,FALSE,TRUE,FALSE,2,0.018659353256225586,2025-05-01T00:00:00Z,8220.582049466198,8779.417950533802
354351,15760020058,8500,8500,Low,nick@tollman.net.au,17705705865,no,8500,10/23/23 21:06,5/31/25 10:50,585,6 - Fallback - Timing or Fit,Oceania,Manufacturing,Offline Sources,17,0,0,0,0,0,0,0,TRUE,Opportunities Shared,5/16/24 15:51,10/16/24 23:48,Other,2,2023-10-23T21:06:00Z,2025-05-31T10:50:00Z,529.4701388888889,FALSE,TRUE,FALSE,2,0.015355825424194336,2025-05-01T00:00:00Z,8220.582049466198,8779.417950533802
72700408474,28808716609,8499.9990234375,8500,Low,sandipa.maharaj@inhancesc.com,25174275976,no,8500,11/6/24 15:40,5/15/25 16:02,189,2 - Interrogation,Africa,Business Services,Organic Social,11,7,6,2,0,0,0,0,TRUE,Opportunities Shared,3/31/25 15:48,3/31/25 15:48,Other,5.4,2024-11-06T15:40:00Z,2025-05-15T16:02:00Z,149.6965277777778,FALSE,TRUE,TRUE,1,0.009914755821228027,2025-05-01T00:00:00Z,8220.581072903698,8779.416973971302
48730596621,21774009918,8499.9990234375,8500,Low,larry@bernardometal.com,0,no,8500,8/28/24 07:31,5/31/25 10:52,276,3 - Plan Preview,Europe,Manufacturing,Direct Traffic,28,0,2,2,0,0,0,0,TRUE,Opportunities Shared,3/14/25 23:29,3/14/25 23:29,CEO,3.2,2024-08-28T07:31:00Z,2025-05-31T10:52:00Z,220.0361111111111,FALSE,TRUE,FALSE,1,0.01479649543762207,2025-05-01T00:00:00Z,8220.581072903698,8779.416973971302
26051185699,20179596551,8499.9990234375,8500,Low,michelb@gbs.ca,21162988553,no,8500,6/18/24 20:20,5/31/25 10:53,346,4 - Review/Negotiation,North America,Other,Offline Sources,22,1,1,1,0,0,0,0,TRUE,Opportunities Shared,12/3/24 13:32,12/3/24 13:32,CEO,2.8,2024-06-18T20:20:00Z,2025-05-31T10:53:00Z,290.50208333333336,FALSE,TRUE,FALSE,1,0.00781482458114624,2025-05-01T00:00:00Z,8220.581072903698,8779.416973971302
6951,18126674513,8499.84375,9000,High,brigid.manley@turmec.com,15454936481,no,9000,3/20/24 09:19,5/31/25 15:16,437,4 - Review/Negotiation,Oceania,Other,Offline Sources,18,1,1,1,0,0,0,0,TRUE,Customer,4/4/25 10:50,4/4/25 10:50,Manager,2.8,2024-03-20T09:19:00Z,2025-05-31T15:16:00Z,380.9611111111111,FALSE,TRUE,TRUE,77,0.7676638513803482,2025-05-01T00:00:00Z,8220.425799466198,8779.261700533802
55547078544,22151900993,8150.00048828125,8150,Low,matt.hall@buddeez.com,0,no,8150,9/11/24 07:56,5/31/25 15:21,262,4 - Review/Negotiation,Europe,Manufacturing,Direct Traffic,25,0,1,2,0,0,0,0,TRUE,Opportunities Shared,4/3/25 15:21,4/3/25 15:21,CEO,3,2024-09-11T07:56:00Z,2025-05-31T15:21:00Z,206.01875,FALSE,TRUE,TRUE,1,0.01479649543762207,2025-05-01T00:00:00Z,7870.582537747449,8429.418438815052
21170002044,19876015939,8000.37646484375,8000,Low,tomovski@barece.com.mk,20803100292,no,8000,6/5/24 08:06,5/31/25 10:50,360,6 - Fallback - Timing or Fit,Europe,Other,Offline Sources,7,0,0,0,0,0,0,0,TRUE,Opportunities Shared,6/25/24 13:35,6/25/24 13:35,Manager,2,2024-06-05T08:06:00Z,2025-05-31T10:50:00Z,304.01180555555555,FALSE,TRUE,FALSE,2,0.015355825424194336,2025-05-01T00:00:00Z,7720.958514309949,8279.794415377552
29453560176,20054376556,8000.00048828125,8000,Low,santino.longo@aqt-vru.com,0,no,8000,6/13/24 08:37,5/31/25 10:50,352,6 - Fallback - Timing or Fit,Europe,Manufacturing,Direct Traffic,6,0,2,2,0,0,0,0,FALSE,Opportunities Shared,6/21/24 11:29,6/21/24 11:29,CEO,1.2000000000000002,2024-06-13T08:37:00Z,2025-05-31T10:50:00Z,295.9902777777778,FALSE,TRUE,FALSE,1,0.01147991418838501,2025-05-01T00:00:00Z,7720.582537747449,8279.418438815052
409251,16076361072,7536.2685546875,7500,Low,sharon@abcsoftware.com,18097643629,no,7500,11/15/23 15:48,5/31/25 10:50,562,1 - First Meeting Complete,North America,Software,Offline Sources,3,0,0,0,0,0,0,0,TRUE,Opportunities Shared,12/3/24 13:20,12/3/24 13:20,CEO,2,2023-11-15T15:48:00Z,2025-05-31T10:50:00Z,506.69097222222223,FALSE,TRUE,FALSE,2,0.015355825424194336,2025-05-01T00:00:00Z,7256.850604153699,7815.686505221301
8551,15557851160,7500,7500,High,deanj@handleitinc.com,15425288628,no,7500,10/11/23 09:55,5/31/25 10:53,598,4 - Review/Negotiation,North America,Retail,Offline Sources,28,0,0,0,0,0,0,0,TRUE,Customer,1/15/25 11:29,1/22/25 09:00,CEO,2,2023-10-11T09:55:00Z,2025-05-31T10:53:00Z,541.9361111111111,FALSE,TRUE,FALSE,94,0.9360189065337181,2025-05-01T00:00:00Z,7220.582049466199,7779.417950533801
51964196461,21776639282,6312.52587890625,6150,Low,matthias.meyer-boehringer@multipac.de,22618659879,no,6150,8/28/24 07:50,5/31/25 10:52,276,4 - Review/Negotiation,Europe,Business Services,Direct Traffic,13,0,1,1,0,0,0,0,TRUE,Opportunities Shared,12/9/24 10:00,12/25/24 08:00,Other,2.6,2024-08-28T07:50:00Z,2025-05-31T10:52:00Z,220.02291666666667,FALSE,TRUE,FALSE,1,0.00861358642578125,2025-05-01T00:00:00Z,6033.107928372449,6591.943829440051
54475696719,22346648110,6150.00146484375,6150,Low,ken@labelpakprinting.com,22737031581,no,6150,9/17/24 14:10,5/15/25 16:23,240,4 - Review/Negotiation,North America,Manufacturing,Direct Traffic,20,0,1,1,0,0,0,0,TRUE,Opportunities Shared,4/3/25 16:23,4/3/25 16:23,Other,2.6,2024-09-17T14:10:00Z,2025-05-15T16:23:00Z,199.7590277777778,FALSE,TRUE,TRUE,1,0.00861358642578125,2025-05-01T00:00:00Z,5870.583514309949,6429.419415377551
259153,35461443912,5499.99853515625,5500,Low,jimd@demtech.com.au,17176480633,no,5500,6/18/24 09:38,5/30/25 16:34,346,4 - Review/Negotiation,Oceania,Manufacturing,Offline Sources,17,0,0,0,0,0,0,0,TRUE,Opportunities Shared,12/2/24 19:00,12/2/24 19:00,Other,2,2024-06-18T09:38:00Z,2025-05-30T16:34:00Z,290.9479166666667,FALSE,TRUE,FALSE,1,0.01360940933227539,2025-05-01T00:00:00Z,5220.580584622449,5779.416485690051
