Feature,mean_abs_shap
days_to_close,10173.999603147391
predicted_prob_xgb,6918.999587939159
continentNorth America,5246.072266737237
number_of_times_contacted,4779.60932932532
primary_industryManufacturing,3450.9510481685043
roleOther,2639.651334909646
primary_industrySoftware,2128.1128973109176
engagement_score_raw,1898.0801514935781
lead_score_xgb,1731.818496805214
continentAsia,1463.511712554564
recent_sales_email_repliedTRUE,1418.5429931089102
original_traffic_sourceOffline Sources,1402.5583771849253
continentInsular Oceania,1142.6743333747588
roleVP,1136.4362860989859
currently_in_sequence,1065.1251482860152
continentAfrica,741.8081090703068
continentOceania,716.6825518711504
continentSouth America,695.7377535808517
roleManager,491.7592504719654
primary_industryOther,459.09367656937565
