original_traffic_source,lead_score_tier_xgb,total_deals,total_sales,avg_conversion,avg_velocity,avg_deal
Offline Sources,High,312,"7,760,109",0.7307692307692307,23.134615384615397,"24,872"
Offline Sources,Low,457,"1,061,593",0.01969365426695843,85.38512035010949,"2,323"
unknown,Low,44,"293,028",0.18181818181818188,47.72727272727273,"6,660"
Direct Traffic,High,12,"105,598",1,44.166666666666664,"8,800"
Organic Social,High,2,"17,173",1,77,"8,586"
Organic Search,High,1,"11,953",1,21,"11,953"
Direct Traffic,Low,85,"9,456",0,195.72941176470587,111
Referrals,High,1,"8,389",1,29,"8,389"
Organic Social,Low,8,872,0,188.125,109
