contact_id,email,predicted_prob_xgb
98887745620,gordon.white@gib.co.nz,0.005616903305053711
95269809733,jdepratti@inlandmetal.com,0.002269566059112549
91646727199,reilly@signmanager.com.au,0.005616903305053711
78235744017,richard.ogawa@towatools.com,0.6958839595317841
76658309032,louis@strategicmetalsinvest.com,0.0027844905853271484
73924764435,nick.potter@dbqscrewproducts.com,7.801055908203125e-4
73513750934,kathy@qualitysystemsnow.com.au,0.004627525806427002
65876614669,md@packserv.com.au,0.0022069215774536133
56664601489,peter.morrow@trmnet.com,0.45860570669174194
55547078544,matt.hall@buddeez.com,0.007205307483673096
54475696719,ken@labelpakprinting.com,0.0017212629318237305
49630449687,jstimpson@cryos.com,0.005607008934020996
47808308287,jeffh@arranti.com,0.9897699300199747
43383892147,rrowntree@pdmsdesign.com,0.0023537278175354004
41218322555,j.hansen@alfons-koester.de,0.0014698505401611328
39318672491,ed.tullar@kuebler.com,9.450316429138184e-4
38487811410,sean.manning@ziltek.com,0.0014698505401611328
37965437065,mzimmer@profol.com,0.9521084502339363
31526709866,ronena@sasa-software.com,0.0102921724319458
30226210727,patrick.blampied@tepari.com,0.0072176456451416016
28581264288,anthony.lima@revogroupau.com,0.002536773681640625
26732973313,davidd@emjacindustries.com,0.002728760242462158
22513457748,bstribling@striblinginc.com,0.005688786506652832
16775080222,kent.murphy@ctherm.com,0.005688786506652832
16066628966,tyron@peakoutfitters.co.za,0.005688786506652832
14737924935,cristhian.scaroni@omb-saleri.it,0.005616903305053711
12551222320,rodrigo.zereu@novusautomation.com,0.013494908809661865
569251,dan@ibco.co.za,9.450316429138184e-4
NA,NA,0.5622974932193756
NA,NA,0.5622974932193756
NA,NA,0.5622974932193756
NA,NA,0.5622974932193756
NA,NA,0.5622974932193756
NA,NA,0.5622974932193756
NA,NA,0.5622974932193756
NA,NA,0.5622974932193756
NA,NA,0.5622974932193756
NA,NA,0.5622974932193756
NA,NA,0.5622974932193756
NA,NA,0.5622974932193756
NA,NA,0.5622974932193756
NA,NA,0.5622974932193756
NA,NA,0.5622974932193756
NA,NA,0.5622974932193756
NA,NA,0.5622974932193756
NA,NA,0.5622974932193756
NA,NA,0.5622974932193756
NA,NA,0.5622974932193756
NA,NA,0.5622974932193756
NA,NA,0.5622974932193756
NA,NA,0.5622974932193756
NA,NA,0.5622974932193756
NA,NA,0.5622974932193756
NA,NA,0.5622974932193756
NA,NA,0.5622974932193756
NA,NA,0.5622974932193756
NA,NA,0.5622974932193756
NA,NA,0.5622974932193756
NA,NA,0.5622974932193756
NA,NA,0.5622974932193756
NA,NA,0.5622974932193756
NA,NA,0.6019029915332794
NA,NA,0.6019029915332794
NA,NA,0.6019029915332794
NA,NA,0.6019029915332794
NA,NA,0.6019029915332794
NA,NA,0.6019029915332794
NA,NA,0.6019029915332794
NA,NA,0.6019029915332794
NA,NA,0.6019029915332794
NA,NA,0.6019029915332794
NA,NA,0.6019029915332794
NA,NA,0.6019029915332794
NA,NA,0.6019029915332794
NA,NA,0.6019029915332794
NA,NA,0.6019029915332794
NA,NA,0.6019029915332794
NA,NA,0.6019029915332794
NA,NA,0.6019029915332794
535551,rcockrell@elfsfreight.com,0.005688786506652832
512051,laurence@hersol.co.za,0.0028284192085266113
495501,daniel.butera@amsfulfillment.com,0.9002052769064903
468751,jonathan@endureproductive.com,0.002269566059112549
459701,sagi@telefire.com,0.0019230842590332031
416851,tom@haematex.com,0.0019993185997009277
400401,skauffman@turtlewaxpro.com,0.0019849538803100586
365051,danam@tadbik.com,0.0016101598739624023
354351,nick@tollman.net.au,0.0019230842590332031
321751,rakesh.ratan@croplifescience.com,0.0021239519119262695
284451,grm@lsg.com,0.0019993185997009277
283901,jp@kejriwalcastings.com,0.002269566059112549
270751,brett.giroud@orexplore.com,0.0011475086212158203
259153,jimd@demtech.com.au,0.0021843910217285156
188051,p.walker@milford.one,0.0022115707397460938
54201,pratyush@nagreeka.com,0.0011475086212158203
53951,nktoris@sentek.com.au,0.0011475086212158203
53851,marc@sealglobal.co,0.9481696747243404
20601,caspar@zappar.com,0.0011475086212158203
15151,mbradley@architecturalcanopies.com,0.0022069215774536133
14751,eli@existco.com.au,0.0011475086212158203
14551,christoph@dataphyll.com,0.0014744400978088379
14501,elmer.tagarino@afdigital.com,0.003016531467437744
14401,eu@cleanairworld.it,0.0012801885604858398
14101,gilberto@swingmastercorp.com,0.0019849538803100586
13752,keithu@jkindllc.com,0.0021239519119262695
13501,ebrill@cpiproducts.com,0.545678049325943
11268,mpatrick@patrickaccounting.com,0.0021239519119262695
12865,harry@topnotchequipment.com,0.002269566059112549
12121,blaineeast@gmail.com,0.002269566059112549
12121,blaineeast@gmail.com,0.002269566059112549
13056,jason.zimmerman@dutchland.com,0.0019993185997009277
11214,mbaker@alphaguardian.com,0.002269566059112549
12119,david.ostmann@modtruss.com,0.002269566059112549
11809,david.almario@jobba.com,0.002269566059112549
11213,rob@prohipaa.com,0.0019993185997009277
12862,heinzforma@gmail.com,0.002269566059112549
12708,kklapperich@nationalrivet.com,0.0019849538803100586
12861,rschehr@ewaldfleet.com,0.0019993185997009277
12611,wsang@avocethospitality.com,0.0019993185997009277
12707,jlucash@acmebox.com,0.9002052769064903
12117,mikee@inventivemfg.com,0.0019993185997009277
13055,cchambers@serioussimulations.com,0.0019993185997009277
11619,rknapp@marling.com,0.0019993185997009277
11265,djenkinson@aeroinst.com,0.0019993185997009277
11164,shahar@hefestus-slb.com,0.002269566059112549
11022,rjubas@relknit.com,0.0021843910217285156
11963,yakir@hanitalenses.com,0.002269566059112549
12504,vipin.kaplesh@bergengg.com,0.0011475086212158203
13104,guy@bioprotect.com,0.0016101598739624023
12953,curtise@framecad.com,0.0019993185997009277
12859,rwimberly@forgecousa.com,0.0019993185997009277
12754,shayne@tindosolar.com,0.0011475086212158203
12115,kevin@tpacpackaging.com,0.0011475086212158203
11163,jen@athlegen.com,0.0011475086212158203
12608,hanna.bjuke@tornumgroup.com,0.0017319917678833008
11262,edgar.elenes@bioneer.us.com,0.002728760242462158
11211,adam@apmc.com,0.0022069215774536133
13102,yihsen.gian@nti-nanofilm.com,0.0019993185997009277
12604,chris.jackson@savantwms.com,0.0011475086212158203
12606,moty@officecore.com,0.0014819502830505371
11016,tbravo@chucaotec.com,0.0021843910217285156
12854,barak@cortex-dental.com,0.0012801885604858398
12852,khoukamau@npsl.co.nz,0.0016101598739624023
12802,dougdixon@catalystcloud.nz,0.0011475086212158203
12751,dascanio.daniela@gmail.com,0.002269566059112549
11014,jadir.goncalves@fibraforte.com.br,0.0019993185997009277
12302,marketing@mbn.it,0.002269566059112549
12254,b.abudaqa@cabsy.com,0.002269566059112549
12112,andrew@lindbergmachine.com,0.002269566059112549
11011,nicoleta@quadribot.com,0.002269566059112549
11259,tom@junctionbox.com,0.002269566059112549
11311,sales@corumbronz.com.tr,0.0019993185997009277
12109,cicero.sousa@newwind.com.br,0.002269566059112549
11405,jake@steadyrack.com,0.9002052769064903
11405,jake@steadyrack.com,0.9002052769064903
11310,luisdematos@followinspiration.pt,0.002728760242462158
11257,anthony@firmolux.com,0.0019993185997009277
12106,danny.cohen@prooftec.com,0.0011475086212158203
11607,alex.wilkinson@iodmconnect.com,0.0011475086212158203
12201,dhkim@iritech.com,0.0011475086212158203
11554,tim@riseproducts.com,0.9134209677577019
11553,shiriz@alltest.co.il,0.0019993185997009277
11254,jmjimenez@webdoxclm.com,0.0011475086212158203
11252,sazariah@zapoj.com,0.002269566059112549
11305,peter@nanoman.com.au,0.0014819502830505371
12052,byron@bluwave.co.za,0.002536773681640625
11603,agastya@beltech.ai,0.0011475086212158203
11602,andi@tricubiq.com,0.0014819502830505371
11703,naveen@tiltlabs.io,0.0016101598739624023
11802,info1@abp.com.tr,0.0019993185997009277
11902,clare.jolly@digivizer.com,0.0011475086212158203
11552,neomar@razzo.tech,0.0016101598739624023
11402,vinay.krithik@gmail.com,0.0011475086212158203
11053,michael.grimm@carbonnegative.energy,0.0011475086212158203
11501,sl@gypack.com,0.0033048391342163086
11151,noreen.guerra@monitorapp.com,0.0019849538803100586
11051,greg@labmagic.com.au,0.0019993185997009277
9751,fernando.ruiz@hidroconta.com,0.0021843910217285156
9601,sgilbard@theatrical.com,0.0019993185997009277
9401,mvila@meryt-chemical.com,0.005688786506652832
7955,cranes@maedausa.com,0.8501139283180237
7955,cranes@maedausa.com,0.8501139283180237
7955,cranes@maedausa.com,0.8501139283180237
8603,mike@badgerinstitute.org,0.8501139283180237
9002,wleverett@repete.com,0.886692225933075
8953,bjgador@gmail.com,0.9002052769064903
8952,eric.wisnicky@fairchildequipment.com,0.8501139283180237
8403,don@ahern.com,0.8501139283180237
8403,don@ahern.com,0.8501139283180237
8403,don@ahern.com,0.8501139283180237
8403,don@ahern.com,0.886692225933075
8602,kbrandt@brandtinnovativetech.com,0.8501139283180237
8402,jeff.eckhardt@snorkellifts.com,0.8501139283180237
8402,jeff.eckhardt@snorkellifts.com,0.9002052769064903
9001,david@geckogroup.net,0.8501139283180237
8153,lindeerae@yahoo.com,0.9035482481122017
8003,bbillmann@macmetal.com,0.9035482481122017
8003,bbillmann@macmetal.com,0.8809262588620186
8702,rjulka@adiagency.com,0.9035482481122017
8253,barbc@ahern.com,0.886692225933075
8751,krawson@sic-lazaro.com,0.886692225933075
8751,krawson@sic-lazaro.com,0.886692225933075
7953,bjfazer@rockmachinery.com,0.886692225933075
7953,bjfazer@rockmachinery.com,0.49313169717788696
8452,jczajka@dmec.org,0.49313169717788696
8452,jczajka@dmec.org,0.9035482481122017
8701,guerry@screentight.com,0.6980105936527252
8502,robby@xmfg.com,0.6980105936527252
8502,robby@xmfg.com,0.8285355865955353
8501,jim.masters@snorkellifts.com,0.8285355865955353
8501,jim.masters@snorkellifts.com,0.9256823360919952
8551,deanj@handleitinc.com,0.8501139283180237
8302,matthew.rehmann@froedtert.com,0.9325971007347107
8401,jbecker@bciburke.com,0.6980105936527252
8201,allan.kelly@snorkellifts.com,0.6980105936527252
8201,allan.kelly@snorkellifts.com,0.8285355865955353
8151,bsanders@hse-uav.com,0.6980105936527252
7951,chris@simmons.net.nz,0.7796814888715744
7851,smit@benchmarkintl.com,0.6980105936527252
7452,ed.robinson@gmail.com,0.9035482481122017
7801,ericg@oostburgbank.com,0.7468303442001343
7355,ssadowski@seeformingllc.com,0.9675893634557724
7552,mpellegrini@blachfordinc.com,0.886692225933075
7701,christopher.sadler@froedtert.com,0.8501139283180237
7252,mafable@virtualchamps.com,0.9675893634557724
7352,kirk.joseph@emist.com,0.8501139283180237
7152,rgranko@geisinger.edu,0.7228164076805115
7201,bhavin.sheth@ecoaxis.com,0.8809262588620186
7501,vishal@proworkflow.com,0.8501139283180237
7101,grichmond@crmonline.com.au,0.9002052769064903
7002,werner@generalpallets.com,0.7228164076805115
7051,bhare@fuelsafe.com,0.7322741746902466
6951,brigid.manley@turmec.com,0.886692225933075
6901,sbussan@ellisontechnologies.com,0.002505183219909668
4201,kgalloway@visanteinc.com,0.0019855499267578125
4451,ceo@crossborderconnections.com,0.9325971007347107
4401,mark.wooten@princeind.com,0.8501139283180237
3801,tom@careernerds.com,0.8501139283180237
3801,tom@careernerds.com,0.5633538961410522
2001,amy@bebravent.com,0.9575067907571793
901,mmoeser@continuus-technologies.com,0.9527047015726566
951,jmiller@medconline.com,0.9527047015726566
951,jmiller@medconline.com,0.9527047015726566
951,jmiller@medconline.com,0.9002052769064903
701,dvoissem@badgerplug.com,0.886692225933075
351,dstern@harrigansolutions.com,0.9527047015726566
451,jvanstraten1@gmail.com,0.9527047015726566
201,cswoger@isleworthcp.com,0.9527047015726566
