contact_id,closed_won_count,number_of_pageviews,number_of_sessions,number_of_form_submissions,marketing_emails_opened,marketing_emails_clicked,marketing_emails_replied,currently_in_sequence,recent_sales_email_replied,lifecycle_stage,role,engagement_score_raw,predicted_prob_xgb,lead_score_xgb,lead_score_lower_xgb,lead_score_upper_xgb,quantile_rank,lead_score_tier_xgb
11405,no,0,0,0,0,0,0,0,TRUE,Customer,Manager,2,0.948001917,95,85,100,98,High
56664601489,no,0,1,1,0,0,0,0,TRUE,Customer,VP,2.6,0.928585514,93,83,100,81,High
27116050772,yes,0,0,0,0,0,0,0,TRUE,Customer,Other,2,0.936018907,94,84,100,84,High
91366116208,no,1,2,2,0,0,0,1,TRUE,Opportunities Shared,COO,4.4,0.012506068,1,0,11,45,Medium
82509161060,no,2,3,2,0,0,0,0,TRUE,Opportunities Shared,unknown,3.8,0.009914756,1,0,11,23,Low
77894573571,no,1,2,2,0,0,0,0,FALSE,Opportunities Shared,unknown,1.4,0.009813786,1,0,11,21,Low
65876614669,no,0,0,0,0,0,0,0,TRUE,Opportunities Shared,unknown,2,0.007144988,1,0,11,17,Low
46142301864,no,0,1,1,0,0,0,0,TRUE,Opportunities Shared,CEO,2.6,0.018659353,2,0,12,52,Medium
55547078544,no,0,1,2,0,0,0,0,TRUE,Opportunities Shared,CEO,3,0.014796495,1,0,11,47,Medium
46709842595,no,0,2,2,0,0,0,0,TRUE,Opportunities Shared,Managing Director,3.2,0.014796495,1,0,11,47,Medium
46455635790,no,1,2,2,0,0,0,0,FALSE,Opportunities Shared,VP,1.4,0.014550567,1,0,11,46,Medium
43383892147,no,0,1,2,0,0,0,0,FALSE,Opportunities Shared,unknown,1,0.008826435,1,0,11,19,Low
38487811410,no,0,2,2,0,0,0,0,FALSE,Opportunities Shared,unknown,1.2,0.008826435,1,0,11,19,Low
41068311737,yes,1,1,1,0,0,0,0,TRUE,Customer,CEO,2.8,0.767663851,77,67,87,61,Medium
37069288579,no,1,2,2,0,0,0,0,FALSE,Opportunities Shared,unknown,1.4,0.009813786,1,0,11,22,Low
37525075475,no,1,2,2,0,0,0,0,FALSE,Opportunities Shared,unknown,1.4,0.009813786,1,0,11,22,Low
31526709866,no,3,4,2,0,0,0,0,FALSE,Opportunities Shared,Director,2.2,0.016336322,2,0,12,51,Medium
31786605157,yes,4,5,2,0,0,0,0,TRUE,Customer,CEO,4.6,0.883048438,88,78,98,78,High
29106050839,no,0,1,1,0,0,0,0,FALSE,Opportunities Shared,CEO,0.6,0.011479914,1,0,11,43,Medium
29885838127,no,0,2,2,0,0,0,0,TRUE,Opportunities Shared,Other,3.2,0.014796495,1,0,11,48,Medium
29453560176,no,0,2,2,0,0,0,0,FALSE,Opportunities Shared,CEO,1.2,0.011479914,1,0,11,43,Medium
21170002044,no,0,0,0,0,0,0,0,TRUE,Opportunities Shared,Manager,2,0.015355825,2,0,12,50,Medium
17929155668,no,0,2,2,0,0,0,0,TRUE,Opportunities Shared,unknown,3.2,0.009041667,1,0,11,21,Low
7201,yes,0,0,0,0,0,0,0,TRUE,Customer,unknown,2,0.775703996,78,68,88,62,Medium
9421638451,no,0,0,0,0,0,0,0,TRUE,Opportunities Shared,Manager,2,0.015355825,2,0,12,50,Medium
13979693576,no,0,1,1,0,0,0,0,FALSE,Opportunities Shared,CEO,0.6,0.011479914,1,0,11,44,Medium
8503,no,0,1,1,0,0,0,0,TRUE,Customer,CEO,2.6,0.961381618,96,86,100,99,High
14733718085,no,0,1,1,0,0,0,0,FALSE,Opportunities Shared,Other,0.6,0.011479914,1,0,11,44,Medium
495501,yes,0,0,0,0,0,0,0,TRUE,Customer,COO,2,0.936018907,94,84,100,85,High
522501,no,1,1,1,0,0,0,0,TRUE,Opportunities Shared,CTO,2.8,0.007814825,1,0,11,18,Low
459401,yes,0,0,0,0,0,0,0,TRUE,Customer,CEO,2,0.936018907,94,84,100,86,High
410701,no,0,0,0,0,0,0,1,FALSE,Opportunities Shared,CEO,1,0.00422734,0,0,10,1,Low
374751,yes,5,1,3,0,0,0,0,TRUE,Customer,CEO,4.4,0.883048438,88,78,98,78,High
372001,no,0,0,0,0,0,0,0,FALSE,Opportunities Shared,CEO,0,0.01058954,1,0,11,23,Low
354351,no,0,0,0,0,0,0,0,TRUE,Opportunities Shared,Managing Director,2,0.013609409,1,0,11,45,Medium
NA,no,0,0,0,0,0,0,0,FALSE,unknown,unknown,0,0.441556931,44,34,54,53,Medium
321751,no,0,0,0,0,0,0,0,FALSE,Opportunities Shared,unknown,0,0.011295736,1,0,11,27,Low
242951,yes,0,0,0,0,0,0,0,TRUE,Customer,COO,2,0.936018907,94,84,100,87,High
7352,yes,0,0,0,0,0,0,0,TRUE,Customer,CEO,2,0.936018907,94,84,100,88,High
62051,yes,0,0,0,0,0,0,0,TRUE,Customer,CEO,2,0.936018907,94,84,100,89,High
73551,no,0,0,0,0,0,0,1,TRUE,Opportunities Shared,CEO,3,0.005518913,1,0,11,14,Low
7551,yes,0,0,0,0,0,0,0,FALSE,Customer,unknown,0,0.848916635,85,75,95,65,Medium
15051,no,0,0,0,0,0,0,0,FALSE,Opportunities Shared,Manager,0,0.015332401,2,0,12,48,Medium
15001,yes,0,0,0,0,0,0,0,FALSE,Customer,unknown,0,0.848916635,85,75,95,65,Medium
14801,no,0,0,0,0,0,0,1,FALSE,Opportunities Shared,Other,1,0.00422734,0,0,10,1,Low
14501,no,0,0,0,0,0,0,0,FALSE,Opportunities Shared,CEO,0,0.01058954,1,0,11,24,Low
14401,no,0,0,0,0,0,0,1,FALSE,Opportunities Shared,unknown,1,0.004493833,0,0,10,14,Low
13401,no,0,0,0,0,0,0,0,FALSE,Opportunities Shared,unknown,0,0.011295736,1,0,11,28,Low
13651,no,1,1,1,0,0,0,0,TRUE,Qualified Relationship,Other,2.8,0.767663851,77,67,87,61,Medium
8402,yes,0,0,0,0,0,0,0,FALSE,Customer,VP,0,0.775778159,78,68,88,63,Medium
7955,no,0,0,0,0,0,0,0,FALSE,Customer,CEO,0,0.861027271,86,76,96,69,Medium
NA,yes,0,0,0,0,0,0,0,FALSE,unknown,unknown,0,0.441556931,44,34,54,54,Medium
8602,yes,0,0,0,0,0,0,0,FALSE,Customer,CEO,0,0.861027271,86,76,96,70,Medium
NA,no,0,0,0,0,0,0,0,FALSE,unknown,unknown,0,0.441556931,44,34,54,54,Medium
7701,yes,0,0,0,0,0,0,0,FALSE,Customer,Director,0,0.851998091,85,75,95,68,Medium
7954,yes,0,0,0,0,0,0,0,TRUE,Customer,Other,2,0.936018907,94,84,100,90,High
8404,yes,0,0,0,0,0,0,0,FALSE,Customer,CEO,0,0.861027271,86,76,96,70,Medium
8953,yes,0,0,0,0,0,0,0,TRUE,Customer,unknown,2,0.775703996,78,68,88,62,Medium
8252,yes,0,0,0,0,0,0,0,FALSE,Customer,unknown,0,0.848916635,85,75,95,66,Medium
NA,yes,0,0,0,0,0,0,0,FALSE,unknown,unknown,0,0.441556931,44,34,54,55,Medium
7955,no,0,0,0,0,0,0,0,FALSE,Customer,CEO,0,0.861027271,86,76,96,71,High
8253,yes,0,0,0,0,0,0,0,FALSE,Customer,Manager,0,0.921306498,92,82,100,79,High
351,yes,0,0,0,0,0,0,0,FALSE,Customer,Other,0,0.861027271,86,76,96,71,High
701,yes,0,0,0,0,0,0,0,TRUE,Customer,CEO,2,0.936018907,94,84,100,91,High
12612,no,0,0,0,0,0,0,0,FALSE,Customer,Other,0,0.861027271,86,76,96,72,High
11215,no,0,0,0,0,0,0,0,FALSE,Opportunities Shared,Manager,0,0.015332401,2,0,12,49,Medium
13351,no,0,0,0,0,0,0,0,FALSE,Opportunities Shared,unknown,0,0.011295736,1,0,11,28,Low
7701,no,0,0,0,0,0,0,0,FALSE,Customer,Director,0,0.851998091,85,75,95,68,Medium
7701,yes,0,0,0,0,0,0,0,FALSE,Customer,Director,0,0.851998091,85,75,95,69,Medium
11029,no,0,0,0,0,0,0,0,FALSE,Opportunities Shared,unknown,0,0.011295736,1,0,11,29,Low
8253,yes,0,0,0,0,0,0,0,FALSE,Customer,Manager,0,0.921306498,92,82,100,79,High
13254,no,0,0,0,0,0,0,0,FALSE,Opportunities Shared,unknown,0,0.011295736,1,0,11,29,Low
8452,yes,0,0,0,0,0,0,0,TRUE,Customer,Director,2,0.931474224,93,83,100,82,High
151,no,0,0,0,0,0,0,0,FALSE,Opportunities Shared,CEO,0,0.01058954,1,0,11,24,Low
8701,no,0,0,0,0,0,0,0,FALSE,Customer,CEO,0,0.861027271,86,76,96,72,High
951,yes,0,0,0,0,0,0,0,FALSE,Evangelist,CEO,0,0.861027271,86,76,96,73,High
8403,yes,0,0,0,0,0,0,0,FALSE,Customer,CEO,0,0.861027271,86,76,96,73,High
451,yes,0,0,0,0,0,0,0,FALSE,Evangelist,unknown,0,0.848916635,85,75,95,66,Medium
8751,yes,0,0,0,0,0,0,0,FALSE,Customer,VP,0,0.775778159,78,68,88,63,Medium
7903,yes,0,0,0,0,0,0,0,FALSE,Customer,Other,0,0.861027271,86,76,96,74,High
951,yes,0,0,0,0,0,0,0,FALSE,Evangelist,CEO,0,0.861027271,86,76,96,74,High
1051,yes,0,0,0,0,0,0,0,FALSE,Customer,CEO,0,0.861027271,86,76,96,75,High
11167,yes,0,0,0,0,0,0,0,FALSE,Customer,unknown,0,0.848916635,85,75,95,67,Medium
7904,yes,0,0,0,0,0,0,0,FALSE,Customer,VP,0,0.775778159,78,68,88,64,Medium
11214,no,0,0,0,0,0,0,0,FALSE,Opportunities Shared,unknown,0,0.011295736,1,0,11,30,Low
8253,yes,0,0,0,0,0,0,0,FALSE,Customer,Manager,0,0.921306498,92,82,100,80,High
7402,no,0,0,0,1,1,1,0,TRUE,Customer,Manager,5,0.700142413,70,60,80,60,Medium
NA,yes,0,0,0,0,0,0,0,FALSE,unknown,unknown,0,0.441556931,44,34,54,55,Medium
8253,yes,0,0,0,0,0,0,0,FALSE,Customer,Manager,0,0.921306498,92,82,100,80,High
11622,no,0,0,0,0,0,0,0,FALSE,Opportunities Shared,unknown,0,0.011295736,1,0,11,30,Low
8403,yes,0,0,0,0,0,0,0,FALSE,Customer,CEO,0,0.861027271,86,76,96,75,High
11809,no,0,0,0,0,0,0,0,FALSE,Opportunities Shared,unknown,0,0.011295736,1,0,11,31,Low
351,yes,0,0,0,0,0,0,0,FALSE,Customer,Other,0,0.861027271,86,76,96,76,High
7451,yes,0,0,0,0,0,0,0,TRUE,Customer,Director,2,0.931474224,93,83,100,82,High
8452,no,0,0,0,0,0,0,0,TRUE,Customer,Director,2,0.931474224,93,83,100,83,High
13253,no,0,0,0,0,0,0,0,FALSE,Opportunities Shared,CEO,0,0.01058954,1,0,11,25,Low
7251,yes,0,0,0,0,0,0,0,FALSE,Customer,Manager,0,0.921306498,92,82,100,81,High
8651,yes,0,0,0,0,0,0,0,TRUE,Customer,CEO,2,0.936018907,94,84,100,92,High
12955,no,0,0,0,0,0,0,0,TRUE,Opportunities Shared,CEO,2,0.013609409,1,0,11,46,Medium
12708,no,0,0,0,0,0,0,0,FALSE,Opportunities Shared,unknown,0,0.011295736,1,0,11,31,Low
7601,no,0,0,0,0,0,0,0,TRUE,Customer,Director,2,0.931474224,93,83,100,83,High
12704,no,0,0,0,0,0,0,0,FALSE,Opportunities Shared,CFO,0,0.01058954,1,0,11,25,Low
12611,no,0,0,0,0,0,0,0,FALSE,Opportunities Shared,unknown,0,0.011295736,1,0,11,32,Low
8602,no,0,0,0,0,0,0,0,FALSE,Customer,CEO,0,0.861027271,86,76,96,76,High
7354,yes,0,1,1,0,0,0,0,FALSE,Customer,CEO,0.6,0.938289758,94,84,100,97,High
13054,no,0,0,0,0,0,0,0,FALSE,Opportunities Shared,CEO,0,0.01058954,1,0,11,26,Low
12608,no,0,0,0,0,0,0,1,FALSE,Opportunities Shared,CEO,1,0.00422734,0,0,10,2,Low
NA,no,0,0,0,0,0,0,0,FALSE,unknown,unknown,0,0.441556931,44,34,54,56,Medium
8151,no,0,0,0,0,0,0,0,FALSE,Customer,CEO,0,0.861027271,86,76,96,77,High
8151,yes,0,0,0,0,0,0,0,FALSE,Customer,CEO,0,0.861027271,86,76,96,77,High
13104,no,0,0,0,0,0,0,1,FALSE,Opportunities Shared,Lead,1,0.00422734,0,0,10,2,Low
11962,no,0,0,0,0,0,0,0,FALSE,Opportunities Shared,unknown,0,0.011295736,1,0,11,32,Low
12605,no,0,1,1,0,0,0,0,FALSE,Opportunities Shared,unknown,0.6,0.008826435,1,0,11,20,Low
4201,no,11,2,1,0,0,0,0,TRUE,Opportunities Shared,Director,5,0.0167225,2,0,12,51,Medium
NA,yes,0,0,0,0,0,0,0,FALSE,unknown,unknown,0,0.441556931,44,34,54,56,Medium
11162,no,0,0,0,0,0,0,1,FALSE,Opportunities Shared,CEO,1,0.00422734,0,0,10,3,Low
11165,no,0,0,0,0,0,0,1,FALSE,Opportunities Shared,CEO,1,0.00422734,0,0,10,3,Low
7601,no,0,0,0,0,0,0,0,TRUE,Customer,Director,2,0.931474224,93,83,100,84,High
8551,yes,0,0,0,0,0,0,0,TRUE,Customer,CEO,2,0.936018907,94,84,100,93,High
8651,yes,0,0,0,0,0,0,0,TRUE,Customer,CEO,2,0.936018907,94,84,100,94,High
12254,no,0,0,0,0,0,0,0,FALSE,Opportunities Shared,unknown,0,0.011295736,1,0,11,33,Low
11961,no,0,0,0,0,0,0,1,FALSE,Opportunities Shared,Manager,1,0.006138325,1,0,11,16,Low
12502,no,0,0,0,0,0,0,1,FALSE,Opportunities Shared,CEO,1,0.00422734,0,0,10,4,Low
NA,no,0,0,0,0,0,0,0,FALSE,unknown,unknown,0,0.441556931,44,34,54,57,Medium
NA,no,0,0,0,0,0,0,0,FALSE,unknown,unknown,0,0.441556931,44,34,54,57,Medium
12111,no,0,0,0,0,0,0,0,FALSE,Opportunities Shared,unknown,0,0.011295736,1,0,11,33,Low
NA,no,0,0,0,0,0,0,0,FALSE,unknown,unknown,0,0.441556931,44,34,54,58,Medium
11265,no,0,0,0,0,0,0,0,FALSE,Opportunities Shared,CEO,0,0.01058954,1,0,11,26,Low
NA,no,0,0,0,0,0,0,0,FALSE,unknown,unknown,0,0.441556931,44,34,54,58,Medium
11012,no,0,0,0,0,0,0,0,FALSE,Opportunities Shared,unknown,0,0.011295736,1,0,11,34,Low
12501,no,0,0,0,0,0,0,1,FALSE,Opportunities Shared,CEO,1,0.00422734,0,0,10,4,Low
NA,no,0,0,0,0,0,0,0,FALSE,unknown,unknown,0,0.441556931,44,34,54,59,Medium
11612,no,0,1,1,0,0,0,0,FALSE,Opportunities Shared,unknown,0.6,0.008826435,1,0,11,20,Low
11208,no,0,0,0,0,0,0,1,FALSE,Opportunities Shared,Director,1,0.00422734,0,0,10,5,Low
12056,no,0,0,0,0,0,0,0,FALSE,Opportunities Shared,unknown,0,0.011295736,1,0,11,34,Low
11508,no,0,0,0,0,0,0,1,FALSE,Opportunities Shared,VP,1,0.00422734,0,0,10,5,Low
NA,no,0,0,0,0,0,0,0,FALSE,unknown,unknown,0,0.441556931,44,34,54,59,Medium
11312,no,0,0,0,0,0,0,0,FALSE,Opportunities Shared,unknown,0,0.011295736,1,0,11,35,Low
11011,no,0,0,0,0,0,0,0,FALSE,Opportunities Shared,unknown,0,0.011295736,1,0,11,35,Low
11015,no,0,0,0,0,0,0,1,FALSE,Opportunities Shared,CEO,1,0.00422734,0,0,10,6,Low
11160,no,0,0,0,0,0,0,0,FALSE,Opportunities Shared,unknown,0,0.011295736,1,0,11,36,Low
12352,no,0,0,0,0,0,0,0,FALSE,Opportunities Shared,unknown,0,0.011295736,1,0,11,36,Low
12201,no,0,0,0,0,0,0,1,FALSE,Opportunities Shared,CEO,1,0.00422734,0,0,10,6,Low
12107,no,0,0,0,0,0,0,0,FALSE,Opportunities Shared,unknown,0,0.011295736,1,0,11,37,Low
11255,no,0,0,0,0,0,0,0,FALSE,Opportunities Shared,unknown,0,0.011295736,1,0,11,37,Low
12103,no,0,0,0,0,0,0,1,FALSE,Opportunities Shared,CFO,1,0.00422734,0,0,10,7,Low
11314,no,0,0,0,0,0,0,0,FALSE,Opportunities Shared,unknown,0,0.011295736,1,0,11,38,Low
11161,no,0,0,0,0,0,0,1,FALSE,Opportunities Shared,COO,1,0.00422734,0,0,10,7,Low
11704,no,0,0,0,0,0,0,1,FALSE,Opportunities Shared,Lead,1,0.00422734,0,0,10,8,Low
NA,no,0,0,0,0,0,0,0,FALSE,unknown,unknown,0,0.441556931,44,34,54,60,Medium
11106,no,0,0,0,0,0,0,0,FALSE,Opportunities Shared,unknown,0,0.011295736,1,0,11,38,Low
13051,no,0,0,0,0,0,0,1,FALSE,Opportunities Shared,CEO,1,0.00422734,0,0,10,8,Low
12110,no,0,0,0,0,0,0,0,FALSE,Opportunities Shared,CEO,0,0.01058954,1,0,11,27,Low
12004,no,0,0,0,0,0,0,1,FALSE,Opportunities Shared,Lead,1,0.00422734,0,0,10,9,Low
12102,no,0,0,0,0,0,0,1,FALSE,Opportunities Shared,CEO,1,0.00422734,0,0,10,9,Low
11607,no,0,0,0,0,0,0,1,FALSE,Opportunities Shared,Lead,1,0.00422734,0,0,10,10,Low
11007,no,0,0,0,0,0,0,1,FALSE,Opportunities Shared,COO,1,0.00422734,0,0,10,10,Low
11703,no,0,0,0,0,0,0,1,FALSE,Opportunities Shared,Manager,1,0.006138325,1,0,11,16,Low
11616,no,0,0,0,0,0,0,0,FALSE,Opportunities Shared,Manager,0,0.015332401,2,0,12,49,Medium
12701,no,0,0,0,0,0,0,1,TRUE,Opportunities Shared,CEO,3,0.005518913,1,0,11,15,Low
4551,no,0,0,0,0,0,0,0,FALSE,Quality Connection,unknown,0,0.848916635,85,75,95,67,Medium
11257,no,0,0,0,0,0,0,0,FALSE,Opportunities Shared,unknown,0,0.011295736,1,0,11,39,Low
4751,no,0,0,0,0,0,0,1,FALSE,Opportunities Shared,Director,1,0.00422734,0,0,10,11,Low
11503,no,0,0,0,0,0,0,0,FALSE,Opportunities Shared,unknown,0,0.011295736,1,0,11,39,Low
11903,no,0,0,0,0,0,0,1,FALSE,Opportunities Shared,Manager,1,0.006138325,1,0,11,17,Low
11151,no,0,0,0,0,0,0,0,FALSE,Opportunities Shared,unknown,0,0.011295736,1,0,11,40,Low
11351,no,0,0,0,0,0,0,1,FALSE,Opportunities Shared,CEO,1,0.00422734,0,0,10,11,Low
11603,no,0,0,0,0,0,0,1,FALSE,Opportunities Shared,CEO,1,0.00422734,0,0,10,12,Low
11751,no,0,0,0,0,0,0,0,FALSE,Opportunities Shared,unknown,0,0.011295736,1,0,11,40,Low
12351,no,0,0,0,0,0,0,1,FALSE,Opportunities Shared,Director,1,0.00422734,0,0,10,12,Low
11001,no,0,0,0,0,0,0,1,TRUE,Opportunities Shared,Director,3,0.005518913,1,0,11,15,Low
11305,no,0,0,0,0,0,0,1,FALSE,Opportunities Shared,CEO,1,0.00422734,0,0,10,13,Low
11051,no,0,0,0,0,0,0,0,FALSE,Opportunities Shared,unknown,0,0.011295736,1,0,11,41,Medium
11505,no,0,0,0,0,0,0,0,FALSE,Opportunities Shared,unknown,0,0.011295736,1,0,11,41,Medium
11502,no,0,1,1,0,0,0,0,TRUE,Opportunities Shared,CEO,2.6,0.018659353,2,0,12,52,Medium
11002,no,0,0,0,0,0,0,0,FALSE,Opportunities Shared,unknown,0,0.011295736,1,0,11,42,Medium
12051,no,0,0,0,0,0,0,0,FALSE,Opportunities Shared,unknown,0,0.011295736,1,0,11,42,Medium
9551,yes,0,1,1,0,0,0,0,TRUE,Customer,CEO,2.6,0.961381618,96,86,100,100,High
9752,no,0,0,0,0,0,0,1,FALSE,Opportunities Shared,CEO,1,0.00422734,0,0,10,13,Low
9401,no,0,1,1,0,0,0,0,TRUE,Opportunities Shared,Director,2.6,0.018659353,2,0,12,53,Medium
701,yes,0,0,0,0,0,0,0,TRUE,Customer,CEO,2,0.936018907,94,84,100,95,High
7003,yes,0,0,0,0,0,0,0,FALSE,Customer,VP,0,0.775778159,78,68,88,64,Medium
4851,no,0,0,0,0,0,0,0,TRUE,Opportunities Shared,unknown,2,0.007144988,1,0,11,18,Low
4951,no,0,0,0,0,0,0,0,TRUE,Customer,CFO,2,0.936018907,94,84,100,96,High